date,population,total_cases,new_cases,new_cases_smoothed,total_deaths,new_deaths,new_deaths_smoothed,total_cases_per_million,new_cases_per_million,new_cases_smoothed_per_million,total_deaths_per_million,new_deaths_per_million,new_deaths_smoothed_per_million,reproduction_rate,new_tests,total_tests,total_tests_per_thousand,new_tests_per_thousand,new_tests_smoothed,new_tests_smoothed_per_thousand,positive_rate,tests_per_case,total_vaccinations,people_vaccinated,people_fully_vaccinated,new_vaccinations,new_vaccinations_smoothed,total_vaccinations_per_hundred,people_vaccinated_per_hundred,people_fully_vaccinated_per_hundred,new_vaccinations_smoothed_per_million
25/01/2020,32365998,3,3,,,,,0.093,0.093,,,,,,,,,,,,,,,,,,,,,,
26/01/2020,32365998,4,1,,,,,0.124,0.031,,,,,,,,,,,,,,,,,,,,,,
27/01/2020,32365998,4,0,,,,,0.124,0,,,,,,,,,,,,,,,,,,,,,,
28/01/2020,32365998,4,0,,,,,0.124,0,,,,,,,,,,,,,,,,,,,,,,
29/01/2020,32365998,7,3,,,,,0.216,0.093,,,,,,,,,,,,,,,,,,,,,,
30/01/2020,32365998,8,1,1.143,,,0,0.247,0.031,0.035,,,0,,,,,,,,,,,,,,,,,,
31/01/2020,32365998,8,0,1.143,,,0,0.247,0,0.035,,,0,,,,,,,,,,,,,,,,,,
01/02/2020,32365998,8,0,0.714,,,0,0.247,0,0.022,,,0,,,,,,,,,,,,,,,,,,
02/02/2020,32365998,8,0,0.571,,,0,0.247,0,0.018,,,0,,,,,,,,,,,,,,,,,,
03/02/2020,32365998,8,0,0.571,,,0,0.247,0,0.018,,,0,,,,,,,,,,,,,,,,,,
04/02/2020,32365998,10,2,0.857,,,0,0.309,0.062,0.026,,,0,,,,,,,,,,,,,,,,,,
05/02/2020,32365998,12,2,0.714,,,0,0.371,0.062,0.022,,,0,,,,,,,,,,,,,,,,,,
06/02/2020,32365998,12,0,0.571,,,0,0.371,0,0.018,,,0,,,,,,,,,,,,,,,,,,
07/02/2020,32365998,12,0,0.571,,,0,0.371,0,0.018,,,0,,,,,,,,,,,,,,,,,,
08/02/2020,32365998,16,4,1.143,,,0,0.494,0.124,0.035,,,0,,,,,,,,,,,,,,,,,,
09/02/2020,32365998,16,0,1.143,,,0,0.494,0,0.035,,,0,,,,,,,,,,,,,,,,,,
10/02/2020,32365998,18,2,1.429,,,0,0.556,0.062,0.044,,,0,,,,,,,,,,,,,,,,,,
11/02/2020,32365998,18,0,1.143,,,0,0.556,0,0.035,,,0,,,,,,,,,,,,,,,,,,
12/02/2020,32365998,18,0,0.857,,,0,0.556,0,0.026,,,0,,,,,,,,,,,,,,,,,,
13/02/2020,32365998,19,1,1,,,0,0.587,0.031,0.031,,,0,,,,,,,,,,,,,,,,,,
14/02/2020,32365998,19,0,1,,,0,0.587,0,0.031,,,0,,,653,0.02,,,,,,,,,,,,,,
15/02/2020,32365998,22,3,0.857,,,0,0.68,0.093,0.026,,,0,,,,,,,,,,,,,,,,,,
16/02/2020,32365998,22,0,0.857,,,0,0.68,0,0.026,,,0,,,656,0.02,,,,,,,,,,,,,,
17/02/2020,32365998,22,0,0.571,,,0,0.68,0,0.018,,,0,,101,757,0.023,0.003,,,,,,,,,,,,,
18/02/2020,32365998,22,0,0.571,,,0,0.68,0,0.018,,,0,,40,797,0.025,0.001,,,,,,,,,,,,,
19/02/2020,32365998,22,0,0.571,,,0,0.68,0,0.018,,,0,,,,,,,,,,,,,,,,,,
20/02/2020,32365998,22,0,0.429,,,0,0.68,0,0.013,,,0,,,880,0.027,,,,,,,,,,,,,,
21/02/2020,32365998,22,0,0.429,,,0,0.68,0,0.013,,,0,,88,968,0.03,0.003,45,0.001,0.01,104.9,,,,,,,,,
22/02/2020,32365998,22,0,0,,,0,0.68,0,0,,,0,,,,,,49,0.002,0,,,,,,,,,,
23/02/2020,32365998,22,0,0,,,0,0.68,0,0,,,0,,,1028,0.032,,53,0.002,0,,,,,,,,,,
24/02/2020,32365998,22,0,0,,,0,0.68,0,0,,,0,,26,1054,0.033,0.001,42,0.001,0,,,,,,,,,,
25/02/2020,32365998,22,0,0,,,0,0.68,0,0,,,0,,13,1067,0.033,0,39,0.001,0,,,,,,,,,,
26/02/2020,32365998,22,0,0,,,0,0.68,0,0,,,0,,24,1091,0.034,0.001,36,0.001,0,,,,,,,,,,
27/02/2020,32365998,23,1,0.143,,,0,0.711,0.031,0.004,,,0,,454,1545,0.048,0.014,95,0.003,0.002,664.3,,,,,,,,,
28/02/2020,32365998,23,0,0.143,,,0,0.711,0,0.004,,,0,,3,1548,0.048,0,83,0.003,0.002,580.4,,,,,,,,,
29/02/2020,32365998,25,2,0.429,,,0,0.772,0.062,0.013,,,0,,,,,,88,0.003,0.005,205.1,,,,,,,,,
01/03/2020,32365998,29,4,1,,,0,0.896,0.124,0.031,,,0,,,,,,92,0.003,0.011,92,,,,,,,,,
02/03/2020,32365998,29,0,1,,,0,0.896,0,0.031,,,0,,,1739,0.054,,98,0.003,0.01,98,,,,,,,,,
03/03/2020,32365998,36,7,2,,,0,1.112,0.216,0.062,,,0,,,,,,113,0.003,0.018,56.5,,,,,,,,,
04/03/2020,32365998,50,14,4,,,0,1.545,0.433,0.124,,,0,,,1983,0.061,,127,0.004,0.031,31.8,,,,,,,,,
05/03/2020,32365998,50,0,3.857,,,0,1.545,0,0.119,,,0,,,,,,83,0.003,0.046,21.5,,,,,,,,,
06/03/2020,32365998,83,33,8.571,,,0,2.564,1.02,0.265,,,0,,,,,,102,0.003,0.084,11.9,,,,,,,,,
07/03/2020,32365998,93,10,9.714,,,0,2.873,0.309,0.3,,,0,,,,,,113,0.003,0.086,11.6,,,,,,,,,
08/03/2020,32365998,99,6,10,,,0,3.059,0.185,0.309,,,0,,,,,,124,0.004,0.081,12.4,,,,,,,,,
09/03/2020,32365998,117,18,12.571,,,0,3.615,0.556,0.388,,,0,,,2686,0.083,,135,0.004,0.093,10.7,,,,,,,,,
10/03/2020,32365998,129,12,13.286,,,0,3.986,0.371,0.41,,,0,210%,,,,,181,0.006,0.073,13.6,,,,,,,,,
11/03/2020,32365998,149,20,14.143,,,0,4.604,0.618,0.437,,,0,212%,,3573,0.11,,227,0.007,0.062,16.1,,,,,,,,,
12/03/2020,32365998,149,0,14.143,,,0,4.604,0,0.437,,,0,217%,118,3691,0.114,0.004,224,0.007,0.063,15.8,,,,,,,,,
13/03/2020,32365998,197,48,16.286,,,0,6.087,1.483,0.503,,,0,227%,,,,,290,0.009,0.056,17.8,,,,,,,,,
14/03/2020,32365998,238,41,20.714,,,0,7.353,1.267,0.64,,,0,235%,,4899,0.151,,356,0.011,0.058,17.2,,,,,,,,,
15/03/2020,32365998,428,190,47,,,0,13.224,5.87,1.452,,,0,243%,,,,,429,0.013,0.11,9.1,,,,,,,,,
16/03/2020,32365998,566,138,64.143,,,0,17.487,4.264,1.982,,,0,234%,,,,,501,0.015,0.128,7.8,,,,,,,,,
17/03/2020,32365998,673,107,77.714,2,2,0.286,20.793,3.306,2.401,0.062,0.062,0.009,222%,,6842,0.211,,530,0.016,0.147,6.8,,,,,,,,,
18/03/2020,32365998,790,117,91.571,2,0,0.286,24.408,3.615,2.829,0.062,0,0.009,211%,,,,,612,0.019,0.15,6.7,,,,,,,,,
19/03/2020,32365998,900,110,107.286,2,0,0.286,27.807,3.399,3.315,0.062,0,0.009,200%,,8873,0.274,,740,0.023,0.145,6.9,,,,,,,,,
20/03/2020,32365998,1030,130,119,3,1,0.429,31.824,4.017,3.677,0.093,0.031,0.013,190%,1270,10143,0.313,0.039,835,0.026,0.143,7,,,,,,,,,
21/03/2020,32365998,1183,153,135,4,1,0.571,36.551,4.727,4.171,0.124,0.031,0.018,181%,,,,,830,0.026,0.163,6.1,,,,,,,,,
22/03/2020,32365998,1306,123,125.429,10,6,1.429,40.351,3.8,3.875,0.309,0.185,0.044,171%,,11275,0.348,,818,0.025,0.153,6.5,,,,,,,,,
23/03/2020,32365998,1518,212,136,14,4,2,46.901,6.55,4.202,0.433,0.124,0.062,167%,1835,13110,0.405,0.057,988,0.031,0.138,7.3,,,,,,,,,
24/03/2020,32365998,1624,106,135.857,16,2,2,50.176,3.275,4.198,0.494,0.062,0.062,161%,484,13594,0.42,0.015,965,0.03,0.141,7.1,,,,,,,,,
25/03/2020,32365998,1796,172,143.714,20,4,2.571,55.49,5.314,4.44,0.618,0.124,0.079,155%,2226,15820,0.489,0.069,1138,0.035,0.126,7.9,,,,,,,,,
26/03/2020,32365998,2031,235,161.571,23,3,3,62.751,7.261,4.992,0.711,0.093,0.093,149%,1163,16983,0.525,0.036,1159,0.036,0.139,7.2,,,,,,,,,
27/03/2020,32365998,2161,130,161.571,26,3,3.286,66.768,4.017,4.992,0.803,0.093,0.102,141%,7185,24168,0.747,0.222,2004,0.062,0.081,12.4,,,,,,,,,
28/03/2020,32365998,2320,159,162.429,27,1,3.286,71.68,4.913,5.018,0.834,0.031,0.102,135%,5293,29461,0.91,0.164,2679,0.083,0.061,16.5,,,,,,,,,
29/03/2020,32365998,2470,150,166.286,35,8,3.571,76.315,4.634,5.138,1.081,0.247,0.11,129%,,,,,2723,0.084,0.061,16.4,,,,,,,,,
30/03/2020,32365998,2626,156,158.286,37,2,3.286,81.135,4.82,4.89,1.143,0.062,0.102,126%,,31206,0.964,,2585,0.08,0.061,16.3,,,,,,,,,
31/03/2020,32365998,2766,140,163.143,43,6,3.857,85.46,4.326,5.041,1.329,0.185,0.119,124%,1058,32264,0.997,0.033,2667,0.082,0.061,16.3,,,,,,,,,
01/04/2020,32365998,2908,142,158.857,45,2,3.571,89.847,4.387,4.908,1.39,0.062,0.11,122%,3538,35802,1.106,0.109,2855,0.088,0.056,18,,,,,,,,,
02/04/2020,32365998,3116,208,155,50,5,3.857,96.274,6.426,4.789,1.545,0.154,0.119,119%,1797,37599,1.162,0.056,2945,0.091,0.053,19,,,,,,,,,
03/04/2020,32365998,3333,217,167.429,53,3,3.857,102.978,6.705,5.173,1.638,0.093,0.119,116%,1859,39458,1.219,0.057,2184,0.067,0.077,13,,,,,,,,,
04/04/2020,32365998,3483,150,166.143,57,4,4.286,107.613,4.634,5.133,1.761,0.124,0.132,111%,1465,40923,1.264,0.045,1637,0.051,0.101,9.9,,,,,,,,,
05/04/2020,32365998,3662,179,170.286,61,4,3.714,113.143,5.53,5.261,1.885,0.124,0.115,107%,2616,43539,1.345,0.081,1886,0.058,0.09,11.1,,,,,,,,,
06/04/2020,32365998,3793,131,166.714,62,1,3.571,117.191,4.047,5.151,1.916,0.031,0.11,104%,3918,47457,1.466,0.121,2322,0.072,0.072,13.9,,,,,,,,,
07/04/2020,32365998,3963,170,171,63,1,2.857,122.443,5.252,5.283,1.946,0.031,0.088,103%,5028,52485,1.622,0.155,2889,0.089,0.059,16.9,,,,,,,,,
08/04/2020,32365998,4119,156,173,65,2,2.857,127.263,4.82,5.345,2.008,0.062,0.088,100%,5755,58240,1.799,0.178,3205,0.099,0.054,18.5,,,,,,,,,
09/04/2020,32365998,4228,109,158.857,67,2,2.429,130.631,3.368,4.908,2.07,0.062,0.075,97%,5127,63367,1.958,0.158,3681,0.114,0.043,23.2,,,,,,,,,
10/04/2020,32365998,4346,118,144.714,70,3,2.429,134.277,3.646,4.471,2.163,0.093,0.075,94%,4584,67951,2.099,0.142,4070,0.126,0.036,28.1,,,,,,,,,
11/04/2020,32365998,4530,184,149.571,73,3,2.286,139.962,5.685,4.621,2.255,0.093,0.071,93%,3946,71897,2.221,0.122,4425,0.137,0.034,29.6,,,,,,,,,
12/04/2020,32365998,4683,153,145.857,76,3,2.143,144.689,4.727,4.506,2.348,0.093,0.066,90%,5594,77491,2.394,0.173,4850,0.15,0.03,33.3,,,,,,,,,
13/04/2020,32365998,4817,134,146.286,77,1,2.143,148.829,4.14,4.52,2.379,0.031,0.066,88%,4239,81730,2.525,0.131,4896,0.151,0.03,33.5,,,,,,,,,
14/04/2020,32365998,4987,170,146.286,82,5,2.714,154.081,5.252,4.52,2.534,0.154,0.084,86%,3061,84791,2.62,0.095,4615,0.143,0.032,31.5,,,,,,,,,
15/04/2020,32365998,5072,85,136.143,83,1,2.571,156.708,2.626,4.206,2.564,0.031,0.079,83%,2392,87183,2.694,0.074,4135,0.128,0.033,30.4,,,,,,,,,
16/04/2020,32365998,5182,110,136.286,84,1,2.429,160.106,3.399,4.211,2.595,0.031,0.075,79%,,,,,4082,0.126,0.033,30,,,,,,,,,
17/04/2020,32365998,5251,69,129.286,86,2,2.286,162.238,2.132,3.994,2.657,0.062,0.071,76%,,96695,2.988,,4106,0.127,0.031,31.8,,,,,,,,,
18/04/2020,32365998,5305,54,110.714,88,2,2.143,163.907,1.668,3.421,2.719,0.062,0.066,73%,4099,100794,3.114,0.127,4128,0.128,0.027,37.3,,,,,,,,,
19/04/2020,32365998,5389,84,100.857,89,1,1.857,166.502,2.595,3.116,2.75,0.031,0.057,72%,3098,103892,3.21,0.096,3772,0.117,0.027,37.4,,,,,,,,,
20/04/2020,32365998,5425,36,86.857,89,0,1.714,167.614,1.112,2.684,2.75,0,0.053,71%,4324,108216,3.344,0.134,3784,0.117,0.023,43.6,,,,,,,,,
21/04/2020,32365998,5482,57,70.714,92,3,1.429,169.375,1.761,2.185,2.842,0.093,0.044,73%,,,,,3742,0.116,0.019,52.9,,,,,,,,,
22/04/2020,32365998,5532,50,65.714,93,1,1.429,170.92,1.545,2.03,2.873,0.031,0.044,74%,,113755,3.515,,3796,0.117,0.017,57.8,,,,,,,,,
23/04/2020,32365998,5603,71,60.143,95,2,1.571,173.114,2.194,1.858,2.935,0.062,0.049,75%,3651,117406,3.627,0.113,3638,0.112,0.017,60.5,,,,,,,,,
24/04/2020,32365998,5691,88,62.857,96,1,1.429,175.833,2.719,1.942,2.966,0.031,0.044,75%,4316,121722,3.761,0.133,3575,0.11,0.018,56.9,,,,,,,,,
25/04/2020,32365998,5742,51,62.429,98,2,1.429,177.408,1.576,1.929,3.028,0.062,0.044,75%,5248,126970,3.923,0.162,3739,0.116,0.017,59.9,,,,,,,,,
26/04/2020,32365998,5780,38,55.857,98,0,1.286,178.582,1.174,1.726,3.028,0,0.04,76%,4521,131491,4.063,0.14,3943,0.122,0.014,70.6,,,,,,,,,
27/04/2020,32365998,5820,40,56.429,99,1,1.429,179.818,1.236,1.743,3.059,0.031,0.044,79%,7407,138898,4.291,0.229,4383,0.135,0.013,77.7,,,,,,,,,
28/04/2020,32365998,5851,31,52.714,100,1,1.143,180.776,0.958,1.629,3.09,0.031,0.035,82%,7901,146799,4.536,0.244,5116,0.158,0.01,97.1,,,,,,,,,
29/04/2020,32365998,5945,94,59,100,0,1,183.68,2.904,1.823,3.09,0,0.031,86%,7404,154203,4.764,0.229,5778,0.179,0.01,97.9,,,,,,,,,
30/04/2020,32365998,6002,57,57,102,2,1,185.442,1.761,1.761,3.151,0.062,0.031,88%,,,,,6298,0.195,0.009,110.5,,,,,,,,,
01/05/2020,32365998,6071,69,54.286,103,1,1,187.573,2.132,1.677,3.182,0.031,0.031,90%,,168784,5.215,,6723,0.208,0.008,123.8,,,,,,,,,
02/05/2020,32365998,6176,105,62,103,0,0.714,190.818,3.244,1.916,3.182,0,0.022,91%,15429,184213,5.692,0.477,8178,0.253,0.008,131.9,,,,,,,,,
03/05/2020,32365998,6298,122,74,105,2,1,194.587,3.769,2.286,3.244,0.062,0.031,90%,11620,195833,6.051,0.359,9192,0.284,0.008,124.2,,,,,,,,,
04/05/2020,32365998,6353,55,76.143,105,0,0.857,196.286,1.699,2.353,3.244,0,0.026,88%,9765,205598,6.352,0.302,9529,0.294,0.008,125.1,,,,,,,,,
05/05/2020,32365998,6383,30,76,106,1,0.857,197.213,0.927,2.348,3.275,0.031,0.026,87%,7622,213220,6.588,0.235,9489,0.293,0.008,124.9,,,,,,,,,
06/05/2020,32365998,6428,45,69,107,1,1,198.603,1.39,2.132,3.306,0.031,0.031,86%,8930,222150,6.864,0.276,9707,0.3,0.007,140.7,,,,,,,,,
07/05/2020,32365998,6467,39,66.429,107,0,0.714,199.808,1.205,2.052,3.306,0,0.022,86%,8869,231019,7.138,0.274,9932,0.307,0.007,149.5,,,,,,,,,
08/05/2020,32365998,6535,68,66.286,107,0,0.571,201.909,2.101,2.048,3.306,0,0.018,86%,8609,239628,7.404,0.266,10121,0.313,0.007,152.7,,,,,,,,,
09/05/2020,32365998,6589,54,59,108,1,0.714,203.578,1.668,1.823,3.337,0.031,0.022,86%,,,,,9153,0.283,0.006,155.1,,,,,,,,,
10/05/2020,32365998,6656,67,51.143,108,0,0.429,205.648,2.07,1.58,3.337,0,0.013,85%,,256937,7.938,,8729,0.27,0.006,170.7,,,,,,,,,
11/05/2020,32365998,6726,70,53.286,109,1,0.571,207.811,2.163,1.646,3.368,0.031,0.018,85%,9111,266048,8.22,0.281,8636,0.267,0.006,162.1,,,,,,,,,
12/05/2020,32365998,6742,16,51.286,109,0,0.429,208.305,0.494,1.585,3.368,0,0.013,84%,,,,,9037,0.279,0.006,176.2,,,,,,,,,
13/05/2020,32365998,6779,37,50.143,111,2,0.571,209.448,1.143,1.549,3.43,0.062,0.018,85%,,,,,9252,0.286,0.005,184.5,,,,,,,,,
14/05/2020,32365998,6819,40,50.286,112,1,0.714,210.684,1.236,1.554,3.46,0.031,0.022,85%,,297342,9.187,,9475,0.293,0.005,188.4,,,,,,,,,
15/05/2020,32365998,6855,36,45.714,112,0,0.714,211.796,1.112,1.412,3.46,0,0.022,86%,126964,424306,13.11,3.923,26383,0.815,0.002,577.1,,,,,,,,,
16/05/2020,32365998,6872,17,40.429,113,1,0.714,212.322,0.525,1.249,3.491,0.031,0.022,88%,9830,434136,13.413,0.304,26550,0.82,0.002,656.7,,,,,,,,,
17/05/2020,32365998,6894,22,34,113,0,0.714,213.001,0.68,1.05,3.491,0,0.022,91%,9127,443263,13.695,0.282,26618,0.822,0.001,782.9,,,,,,,,,
18/05/2020,32365998,6941,47,30.714,113,0,0.571,214.453,1.452,0.949,3.491,0,0.018,96%,,,,,26673,0.824,0.001,868.4,,,,,,,,,
19/05/2020,32365998,6978,37,33.714,114,1,0.714,215.597,1.143,1.042,3.522,0.031,0.022,101%,,462257,14.282,,26540,0.82,0.001,787.2,,,,,,,,,
20/05/2020,32365998,7009,31,32.857,114,0,0.429,216.554,0.958,1.015,3.522,0,0.013,106%,9061,471318,14.562,0.28,26344,0.814,0.001,801.8,,,,,,,,,
21/05/2020,32365998,7059,50,34.286,114,0,0.286,218.099,1.545,1.059,3.522,0,0.009,112%,10093,481411,14.874,0.312,26296,0.812,0.001,767,,,,,,,,,
22/05/2020,32365998,7137,78,40.286,115,1,0.429,220.509,2.41,1.245,3.553,0.031,0.013,117%,10318,491729,15.193,0.319,9632,0.298,0.004,239.1,,,,,,,,,
23/05/2020,32365998,7185,48,44.714,115,0,0.286,221.992,1.483,1.382,3.553,0,0.009,120%,8740,500469,15.463,0.27,9476,0.293,0.005,211.9,,,,,,,,,
24/05/2020,32365998,7245,60,50.143,115,0,0.286,223.846,1.854,1.549,3.553,0,0.009,124%,7213,507682,15.686,0.223,9203,0.284,0.005,183.5,,,,,,,,,
25/05/2020,32365998,7417,172,68,115,0,0.286,229.16,5.314,2.101,3.553,0,0.009,128%,5688,513370,15.861,0.176,8659,0.268,0.008,127.3,,,,,,,,,
26/05/2020,32365998,7604,187,89.429,115,0,0.143,234.938,5.778,2.763,3.553,0,0.004,126%,6574,519944,16.065,0.203,8241,0.255,0.011,92.2,,,,,,,,,
27/05/2020,32365998,7619,15,87.143,115,0,0.143,235.401,0.463,2.692,3.553,0,0.004,117%,,,,,7701,0.238,0.011,88.4,,,,,,,,,
28/05/2020,32365998,7629,10,81.429,115,0,0.143,235.71,0.309,2.516,3.553,0,0.004,111%,,530501,16.391,,7013,0.217,0.012,86.1,,,,,,,,,
29/05/2020,32365998,7732,103,85,115,0,0,238.893,3.182,2.626,3.553,0,0,108%,7393,537894,16.619,0.228,6595,0.204,0.013,77.6,,,,,,,,,
30/05/2020,32365998,7762,30,82.429,115,0,0,239.82,0.927,2.547,3.553,0,0,105%,8474,546368,16.881,0.262,6557,0.203,0.013,79.5,,,,,,,,,
31/05/2020,32365998,7819,57,82,115,0,0,241.581,1.761,2.534,3.553,0,0,103%,6815,553183,17.091,0.211,6500,0.201,0.013,79.3,,,,,,,,,
01/06/2020,32365998,7857,38,62.857,115,0,0,242.755,1.174,1.942,3.553,0,0,102%,7555,560738,17.325,0.233,6767,0.209,0.009,107.7,,,,,,,,,
02/06/2020,32365998,7877,20,39,115,0,0,243.373,0.618,1.205,3.553,0,0,103%,6549,567287,17.527,0.202,6763,0.209,0.006,173.4,,,,,,,,,
03/06/2020,32365998,7970,93,50.143,115,0,0,246.246,2.873,1.549,3.553,0,0,106%,8218,575505,17.781,0.254,7183,0.222,0.007,143.3,,,,,,,,,
04/06/2020,32365998,8247,277,88.286,115,0,0,254.804,8.558,2.728,3.553,0,0,106%,6981,582486,17.997,0.216,7426,0.229,0.012,84.1,,,,,,,,,
05/06/2020,32365998,8266,19,76.286,116,1,0.143,255.391,0.587,2.357,3.584,0.031,0.004,94%,8127,590613,18.248,0.251,7531,0.233,0.01,98.7,,,,,,,,,
06/06/2020,32365998,8303,37,77.286,117,1,0.286,256.535,1.143,2.388,3.615,0.031,0.009,85%,8841,599454,18.521,0.273,7584,0.234,0.01,98.1,,,,,,,,,
07/06/2020,32365998,8322,19,71.857,117,0,0.286,257.122,0.587,2.22,3.615,0,0.009,77%,,,,,7666,0.237,0.009,106.7,,,,,,,,,
08/06/2020,32365998,8329,7,67.429,117,0,0.286,257.338,0.216,2.083,3.615,0,0.009,71%,,614239,18.978,,7643,0.236,0.009,113.3,,,,,,,,,
09/06/2020,32365998,8336,7,65.571,117,0,0.286,257.554,0.216,2.026,3.615,0,0.009,68%,6081,620320,19.166,0.188,7576,0.234,0.009,115.5,,,,,,,,,
10/06/2020,32365998,8338,2,52.571,118,1,0.429,257.616,0.062,1.624,3.646,0.031,0.013,66%,5455,625775,19.334,0.169,7181,0.222,0.007,136.6,,,,,,,,,
11/06/2020,32365998,8369,31,17.429,118,0,0.429,258.574,0.958,0.538,3.646,0,0.013,65%,5833,631608,19.515,0.18,7017,0.217,0.002,402.6,,,,,,,,,
12/06/2020,32365998,8402,33,19.429,119,1,0.429,259.593,1.02,0.6,3.677,0.031,0.013,65%,9072,640680,19.795,0.28,7152,0.221,0.003,368.1,,,,,,,,,
13/06/2020,32365998,8445,43,20.286,120,1,0.429,260.922,1.329,0.627,3.708,0.031,0.013,64%,5375,646055,19.961,0.166,6657,0.206,0.003,328.2,,,,,,,,,
14/06/2020,32365998,8453,8,18.714,121,1,0.571,261.169,0.247,0.578,3.738,0.031,0.018,62%,5289,651344,20.124,0.163,6357,0.196,0.003,339.7,,,,,,,,,
15/06/2020,32365998,8494,41,23.571,121,0,0.571,262.436,1.267,0.728,3.738,0,0.018,61%,4866,656210,20.275,0.15,5996,0.185,0.004,254.4,,,,,,,,,
16/06/2020,32365998,8505,11,24.143,121,0,0.571,262.776,0.34,0.746,3.738,0,0.018,59%,3422,659632,20.38,0.106,5616,0.174,0.004,232.6,,,,,,,,,
17/06/2020,32365998,8515,10,25.286,121,0,0.429,263.085,0.309,0.781,3.738,0,0.013,58%,4702,664334,20.526,0.145,5508,0.17,0.005,217.8,,,,,,,,,
18/06/2020,32365998,8529,14,22.857,121,0,0.429,263.517,0.433,0.706,3.738,0,0.013,56%,5255,669589,20.688,0.162,5426,0.168,0.004,237.4,,,,,,,,,
19/06/2020,32365998,8535,6,19,121,0,0.286,263.703,0.185,0.587,3.738,0,0.009,55%,4962,674551,20.841,0.153,4839,0.15,0.004,254.7,,,,,,,,,
20/06/2020,32365998,8556,21,15.857,121,0,0.143,264.351,0.649,0.49,3.738,0,0.004,55%,5275,679826,21.004,0.163,4824,0.149,0.003,304.2,,,,,,,,,
21/06/2020,32365998,8572,16,17,121,0,0,264.846,0.494,0.525,3.738,0,0,55%,4142,683968,21.132,0.128,4661,0.144,0.004,274.2,,,,,,,,,
22/06/2020,32365998,8587,15,13.286,121,0,0,265.309,0.463,0.41,3.738,0,0,54%,2937,686905,21.223,0.091,4385,0.135,0.003,330,,,,,,,,,
23/06/2020,32365998,8590,3,12.143,121,0,0,265.402,0.093,0.375,3.738,0,0,54%,6698,693603,21.43,0.207,4853,0.15,0.003,399.7,,,,,,,,,
24/06/2020,32365998,8596,6,11.571,121,0,0,265.587,0.185,0.358,3.738,0,0,54%,10733,704336,21.762,0.332,5715,0.177,0.002,493.9,,,,,,,,,
25/06/2020,32365998,8600,4,10.143,121,0,0,265.711,0.124,0.313,3.738,0,0,54%,11842,716178,22.127,0.366,6656,0.206,0.002,656.2,,,,,,,,,
26/06/2020,32365998,8606,6,10.143,121,0,0,265.896,0.185,0.313,3.738,0,0,55%,12938,729116,22.527,0.4,7795,0.241,0.001,768.5,,,,,,,,,
27/06/2020,32365998,8616,10,8.571,121,0,0,266.205,0.309,0.265,3.738,0,0,57%,10342,739458,22.847,0.32,8519,0.263,0.001,993.9,,,,,,,,,
28/06/2020,32365998,8634,18,8.857,121,0,0,266.761,0.556,0.274,3.738,0,0,59%,10492,749950,23.171,0.324,9426,0.291,0.001,1064.2,,,,,,,,,
29/06/2020,32365998,8637,3,7.143,121,0,0,266.854,0.093,0.221,3.738,0,0,59%,6221,756171,23.363,0.192,9895,0.306,0.001,1385.3,,,,,,,,,
30/06/2020,32365998,8639,2,7,121,0,0,266.916,0.062,0.216,3.738,0,0,59%,8828,764999,23.636,0.273,10199,0.315,0.001,1457,,,,,,,,,
01/07/2020,32365998,8640,1,6.286,121,0,0,266.947,0.031,0.194,3.738,0,0,61%,8912,773911,23.911,0.275,9939,0.307,0.001,1581.1,,,,,,,,,
02/07/2020,32365998,8643,3,6.143,121,0,0,267.04,0.093,0.19,3.738,0,0,64%,8727,782638,24.181,0.27,9494,0.293,0.001,1545.5,,,,,,,,,
03/07/2020,32365998,8648,5,6,121,0,0,267.194,0.154,0.185,3.738,0,0,68%,8221,790859,24.435,0.254,8820,0.273,0.001,1470,,,,,,,,,
04/07/2020,32365998,8658,10,6,121,0,0,267.503,0.309,0.185,3.738,0,0,73%,6937,797796,24.649,0.214,8334,0.257,0.001,1389,,,,,,,,,
05/07/2020,32365998,8663,5,4.143,121,0,0,267.657,0.154,0.128,3.738,0,0,76%,6722,804518,24.857,0.208,7795,0.241,0.001,1881.5,,,,,,,,,
06/07/2020,32365998,8668,5,4.429,121,0,0,267.812,0.154,0.137,3.738,0,0,80%,5539,810057,25.028,0.171,7698,0.238,0.001,1738.1,,,,,,,,,
07/07/2020,32365998,8674,6,5,121,0,0,267.997,0.185,0.154,3.738,0,0,85%,6061,816118,25.215,0.187,7303,0.226,0.001,1460.6,,,,,,,,,
08/07/2020,32365998,8677,3,5.286,121,0,0,268.09,0.093,0.163,3.738,0,0,90%,6528,822646,25.417,0.202,6962,0.215,0.001,1317.1,,,,,,,,,
09/07/2020,32365998,8683,6,5.714,121,0,0,268.275,0.185,0.177,3.738,0,0,95%,7342,829988,25.644,0.227,6764,0.209,0.001,1183.8,,,,,,,,,
10/07/2020,32365998,8696,13,6.857,121,0,0,268.677,0.402,0.212,3.738,0,0,101%,6267,836255,25.837,0.194,6485,0.2,0.001,945.7,,,,,,,,,
11/07/2020,32365998,8704,8,6.571,122,1,0.143,268.924,0.247,0.203,3.769,0.031,0.004,104%,6221,842476,26.03,0.192,6383,0.197,0.001,971.4,,,,,,,,,
12/07/2020,32365998,8718,14,7.857,122,0,0.143,269.357,0.433,0.243,3.769,0,0.004,107%,5034,847510,26.185,0.156,6142,0.19,0.001,781.7,,,,,,,,,
13/07/2020,32365998,8725,7,8.143,122,0,0.143,269.573,0.216,0.252,3.769,0,0.004,107%,2913,850423,26.275,0.09,5767,0.178,0.001,708.2,,,,,,,,,
14/07/2020,32365998,8729,4,7.857,122,0,0.143,269.697,0.124,0.243,3.769,0,0.004,109%,4696,855119,26.42,0.145,5572,0.172,0.001,709.2,,,,,,,,,
15/07/2020,32365998,8734,5,8.143,122,0,0.143,269.851,0.154,0.252,3.769,0,0.004,112%,6777,861896,26.63,0.209,5607,0.173,0.001,688.6,,,,,,,,,
16/07/2020,32365998,8737,3,7.714,122,0,0.143,269.944,0.093,0.238,3.769,0,0.004,117%,6498,868394,26.83,0.201,5487,0.17,0.001,711.3,,,,,,,,,
17/07/2020,32365998,8755,18,8.429,122,0,0.143,270.5,0.556,0.26,3.769,0,0.004,123%,7828,876222,27.072,0.242,5710,0.176,0.001,677.4,,,,,,,,,
18/07/2020,32365998,8764,9,8.571,122,0,0,270.778,0.278,0.265,3.769,0,0,126%,7948,884170,27.318,0.246,5956,0.184,0.001,694.9,,,,,,,,,
19/07/2020,32365998,8779,15,8.714,123,1,0.143,271.241,0.463,0.269,3.8,0.031,0.004,129%,5574,889744,27.49,0.172,6033,0.186,0.001,692.3,,,,,,,,,
20/07/2020,32365998,8800,21,10.714,123,0,0.143,271.89,0.649,0.331,3.8,0,0.004,131%,6014,895758,27.676,0.186,6476,0.2,0.002,604.4,,,,,,,,,
21/07/2020,32365998,8815,15,12.286,123,0,0.143,272.354,0.463,0.38,3.8,0,0.004,130%,6681,902439,27.882,0.206,6760,0.209,0.002,550.2,,,,,,,,,
22/07/2020,32365998,8831,16,13.857,123,0,0.143,272.848,0.494,0.428,3.8,0,0.004,129%,7188,909627,28.104,0.222,6819,0.211,0.002,492.1,,,,,,,,,
23/07/2020,32365998,8840,9,14.714,123,0,0.143,273.126,0.278,0.455,3.8,0,0.004,126%,6713,916340,28.312,0.207,6849,0.212,0.002,465.5,,,,,,,,,
24/07/2020,32365998,8861,21,15.143,123,0,0.143,273.775,0.649,0.468,3.8,0,0.004,125%,8848,925188,28.585,0.273,6995,0.216,0.002,461.9,,,,,,,,,
25/07/2020,32365998,8884,23,17.143,123,0,0.143,274.486,0.711,0.53,3.8,0,0.004,123%,7209,932397,28.808,0.223,6890,0.213,0.002,401.9,,,,,,,,,
26/07/2020,32365998,8897,13,16.857,124,1,0.143,274.887,0.402,0.521,3.831,0.031,0.004,120%,5248,937645,28.97,0.162,6843,0.211,0.002,405.9,,,,,,,,,
27/07/2020,32365998,8904,7,14.857,124,0,0.143,275.104,0.216,0.459,3.831,0,0.004,118%,5599,943244,29.143,0.173,6784,0.21,0.002,456.6,,,,,,,,,
28/07/2020,32365998,8943,39,18.286,124,0,0.143,276.308,1.205,0.565,3.831,0,0.004,118%,5897,949141,29.325,0.182,6672,0.206,0.003,364.9,,,,,,,,,
29/07/2020,32365998,8956,13,17.857,124,0,0.143,276.71,0.402,0.552,3.831,0,0.004,112%,5992,955133,29.51,0.185,6501,0.201,0.003,364.1,,,,,,,,,
30/07/2020,32365998,8964,8,17.714,124,0,0.143,276.957,0.247,0.547,3.831,0,0.004,106%,7946,963079,29.756,0.246,6677,0.206,0.003,376.9,,,,,,,,,
31/07/2020,32365998,8976,12,16.429,125,1,0.286,277.328,0.371,0.508,3.862,0.031,0.009,102%,7565,970644,29.99,0.234,6494,0.201,0.003,395.3,,,,,,,,,
01/08/2020,32365998,8985,9,14.429,125,0,0.286,277.606,0.278,0.446,3.862,0,0.009,100%,4030,974674,30.114,0.125,6040,0.187,0.002,418.6,,,,,,,,,
02/08/2020,32365998,8999,14,14.571,125,0,0.143,278.039,0.433,0.45,3.862,0,0.004,99%,4504,979178,30.253,0.139,5933,0.183,0.002,407.2,,,,,,,,,
03/08/2020,32365998,9001,2,13.857,125,0,0.143,278.1,0.062,0.428,3.862,0,0.004,98%,4119,983297,30.381,0.127,5722,0.177,0.002,412.9,,,,,,,,,
04/08/2020,32365998,9002,1,8.429,125,0,0.143,278.131,0.031,0.26,3.862,0,0.004,100%,8036,991333,30.629,0.248,6027,0.186,0.001,715,,,,,,,,,
05/08/2020,32365998,9023,21,9.571,125,0,0.143,278.78,0.649,0.296,3.862,0,0.004,105%,9757,1001090,30.93,0.301,6565,0.203,0.001,685.9,,,,,,,,,
06/08/2020,32365998,9038,15,10.571,125,0,0.143,279.244,0.463,0.327,3.862,0,0.004,106%,11570,1012660,31.288,0.357,7083,0.219,0.001,670,,,,,,,,,
07/08/2020,32365998,9063,25,12.429,125,0,0,280.016,0.772,0.384,3.862,0,0,106%,12059,1024719,31.66,0.373,7725,0.239,0.002,621.5,,,,,,,,,
08/08/2020,32365998,9070,7,12.143,125,0,0,280.232,0.216,0.375,3.862,0,0,104%,11620,1036339,32.019,0.359,8809,0.272,0.001,725.4,,,,,,,,,
09/08/2020,32365998,9083,13,12,125,0,0,280.634,0.402,0.371,3.862,0,0,103%,9637,1045976,32.317,0.298,9543,0.295,0.001,795.2,,,,,,,,,
10/08/2020,32365998,9094,11,13.286,125,0,0,280.974,0.34,0.41,3.862,0,0,103%,7555,1053531,32.551,0.233,10033,0.31,0.001,755.2,,,,,,,,,
11/08/2020,32365998,9103,9,14.429,125,0,0,281.252,0.278,0.446,3.862,0,0,104%,9773,1063304,32.853,0.302,10282,0.318,0.001,712.6,,,,,,,,,
12/08/2020,32365998,9114,11,13,125,0,0,281.592,0.34,0.402,3.862,0,0,106%,10716,1074020,33.184,0.331,10419,0.322,0.001,801.5,,,,,,,,,
13/08/2020,32365998,9129,15,13,125,0,0,282.055,0.463,0.402,3.862,0,0,108%,11020,1085040,33.524,0.34,10340,0.319,0.001,795.4,,,,,,,,,
14/08/2020,32365998,9149,20,12.286,125,0,0,282.673,0.618,0.38,3.862,0,0,109%,10728,1095768,33.856,0.331,10150,0.314,0.001,826.1,,,,,,,,,
15/08/2020,32365998,9175,26,15,125,0,0,283.477,0.803,0.463,3.862,0,0,109%,10449,1106217,34.178,0.323,9983,0.308,0.002,665.5,,,,,,,,,
16/08/2020,32365998,9200,25,16.714,125,0,0,284.249,0.772,0.516,3.862,0,0,106%,8029,1114246,34.426,0.248,9753,0.301,0.002,583.5,,,,,,,,,
17/08/2020,32365998,9212,12,16.857,125,0,0,284.62,0.371,0.521,3.862,0,0,101%,6420,1120666,34.625,0.198,9591,0.296,0.002,569,,,,,,,,,
18/08/2020,32365998,9219,7,16.571,125,0,0,284.836,0.216,0.512,3.862,0,0,97%,8425,1129091,34.885,0.26,9398,0.29,0.002,567.1,,,,,,,,,
19/08/2020,32365998,9235,16,17.286,125,0,0,285.33,0.494,0.534,3.862,0,0,96%,12588,1141679,35.274,0.389,9666,0.299,0.002,559.2,,,,,,,,,
20/08/2020,32365998,9240,5,15.857,125,0,0,285.485,0.154,0.49,3.862,0,0,93%,10461,1152140,35.597,0.323,9586,0.296,0.002,604.5,,,,,,,,,
21/08/2020,32365998,9249,9,14.286,125,0,0,285.763,0.278,0.441,3.862,0,0,91%,8250,1160390,35.852,0.255,9232,0.285,0.002,646.2,,,,,,,,,
22/08/2020,32365998,9257,8,11.714,125,0,0,286.01,0.247,0.362,3.862,0,0,92%,7559,1167949,36.086,0.234,8819,0.272,0.001,752.9,,,,,,,,,
23/08/2020,32365998,9267,10,9.571,125,0,0,286.319,0.309,0.296,3.862,0,0,93%,8467,1176416,36.347,0.262,8881,0.274,0.001,927.9,,,,,,,,,
24/08/2020,32365998,9274,7,8.857,125,0,0,286.535,0.216,0.274,3.862,0,0,95%,6429,1182845,36.546,0.199,8883,0.274,0.001,1002.9,,,,,,,,,
25/08/2020,32365998,9285,11,9.429,125,0,0,286.875,0.34,0.291,3.862,0,0,97%,8655,1191500,36.813,0.267,8916,0.275,0.001,945.6,,,,,,,,,
26/08/2020,32365998,9291,6,8,125,0,0,287.061,0.185,0.247,3.862,0,0,101%,11264,1202764,37.161,0.348,8726,0.27,0.001,1090.8,,,,,,,,,
27/08/2020,32365998,9296,5,8,125,0,0,287.215,0.154,0.247,3.862,0,0,104%,10026,1212790,37.471,0.31,8664,0.268,0.001,1083,,,,,,,,,
28/08/2020,32365998,9306,10,8.143,125,0,0,287.524,0.309,0.252,3.862,0,0,109%,10064,1222854,37.782,0.311,8923,0.276,0.001,1095.8,,,,,,,,,
29/08/2020,32365998,9317,11,8.571,125,0,0,287.864,0.34,0.265,3.862,0,0,116%,10073,1232927,38.093,0.311,9283,0.287,0.001,1083.1,,,,,,,,,
30/08/2020,32365998,9334,17,9.571,126,1,0.143,288.389,0.525,0.296,3.893,0.031,0.004,122%,10613,1243540,38.421,0.328,9589,0.296,0.001,1001.9,,,,,,,,,
31/08/2020,32365998,9340,6,9.429,127,1,0.286,288.574,0.185,0.291,3.924,0.031,0.009,126%,10315,1253855,38.74,0.319,10144,0.313,0.001,1075.8,,,,,,,,,
01/09/2020,32365998,9354,14,9.857,128,1,0.429,289.007,0.433,0.305,3.955,0.031,0.013,133%,8993,1262848,39.018,0.278,10193,0.315,0.001,1034.1,,,,,,,,,
02/09/2020,32365998,9360,6,9.857,128,0,0.429,289.192,0.185,0.305,3.955,0,0.013,140%,7381,1270229,39.246,0.228,9638,0.298,0.001,977.8,,,,,,,,,
03/09/2020,32365998,9374,14,11.143,128,0,0.429,289.625,0.433,0.344,3.955,0,0.013,149%,10649,1280878,39.575,0.329,9727,0.301,0.001,872.9,,,,,,,,,
04/09/2020,32365998,9385,11,11.286,128,0,0.429,289.965,0.34,0.349,3.955,0,0.013,158%,9724,1290602,39.875,0.3,9678,0.299,0.001,857.5,,,,,,,,,
05/09/2020,32365998,9391,6,10.571,128,0,0.429,290.15,0.185,0.327,3.955,0,0.013,171%,9122,1299724,40.157,0.282,9542,0.295,0.001,902.7,,,,,,,,,
06/09/2020,32365998,9397,6,9,128,0,0.286,290.336,0.185,0.278,3.955,0,0.009,186%,7730,1307454,40.396,0.239,9131,0.282,0.001,1014.6,,,,,,,,,
07/09/2020,32365998,9459,62,17,128,0,0.143,292.251,1.916,0.525,3.955,0,0.004,206%,6320,1313774,40.591,0.195,8560,0.264,0.002,503.5,,,,,,,,,
08/09/2020,32365998,9559,100,29.286,128,0,0,295.341,3.09,0.905,3.955,0,0,211%,8671,1322445,40.859,0.268,8514,0.263,0.003,290.7,,,,,,,,,
09/09/2020,32365998,9583,24,31.857,128,0,0,296.082,0.742,0.984,3.955,0,0,204%,10472,1332917,41.183,0.324,8955,0.277,0.004,281.1,,,,,,,,,
10/09/2020,32365998,9628,45,36.286,128,0,0,297.473,1.39,1.121,3.955,0,0,201%,9555,1342472,41.478,0.295,8799,0.272,0.004,242.5,,,,,,,,,
11/09/2020,32365998,9810,182,60.714,128,0,0,303.096,5.623,1.876,3.955,0,0,197%,11354,1353826,41.829,0.351,9032,0.279,0.007,148.8,,,,,,,,,
12/09/2020,32365998,9868,58,68.143,128,0,0,304.888,1.792,2.105,3.955,0,0,183%,8805,1362631,42.101,0.272,8987,0.278,0.008,131.9,,,,,,,,,
13/09/2020,32365998,9915,47,74,128,0,0,306.34,1.452,2.286,3.955,0,0,170%,9523,1372154,42.395,0.294,9243,0.286,0.008,124.9,,,,,,,,,
14/09/2020,32365998,9946,31,69.571,128,0,0,307.298,0.958,2.15,3.955,0,0,159%,11615,1383769,42.754,0.359,9999,0.309,0.007,143.7,,,,,,,,,
15/09/2020,32365998,9969,23,58.571,128,0,0,308.008,0.711,1.81,3.955,0,0,152%,11809,1395578,43.119,0.365,10448,0.323,0.006,178.4,,,,,,,,,
16/09/2020,32365998,10031,62,64,128,0,0,309.924,1.916,1.977,3.955,0,0,150%,11681,1407259,43.48,0.361,10620,0.328,0.006,165.9,,,,,,,,,
17/09/2020,32365998,10052,21,60.571,128,0,0,310.573,0.649,1.871,3.955,0,0,147%,9895,1417154,43.785,0.306,10669,0.33,0.006,176.1,,,,,,,,,
18/09/2020,32365998,10147,95,48.143,129,1,0.143,313.508,2.935,1.487,3.986,0.031,0.004,147%,9979,1427133,44.094,0.308,10472,0.324,0.005,217.5,,,,,,,,,
19/09/2020,32365998,10167,20,42.714,130,1,0.286,314.126,0.618,1.32,4.017,0.031,0.009,146%,10221,1437354,44.409,0.316,10675,0.33,0.004,249.9,,,,,,,,,
20/09/2020,32365998,10219,52,43.429,130,0,0.286,315.733,1.607,1.342,4.017,0,0.009,148%,7332,1444686,44.636,0.227,10362,0.32,0.004,238.6,,,,,,,,,
21/09/2020,32365998,10276,57,47.143,130,0,0.286,317.494,1.761,1.457,4.017,0,0.009,150%,7011,1451697,44.853,0.217,9704,0.3,0.005,205.8,,,,,,,,,
22/09/2020,32365998,10358,82,55.571,130,0,0.286,320.027,2.534,1.717,4.017,0,0.009,154%,11860,1463557,45.219,0.366,9711,0.3,0.006,174.7,,,,,,,,,
23/09/2020,32365998,10505,147,67.714,133,3,0.714,324.569,4.542,2.092,4.109,0.093,0.022,158%,,,,,9561,0.295,0.007,141.2,,,,,,,,,
24/09/2020,32365998,10576,71,74.857,133,0,0.714,326.763,2.194,2.313,4.109,0,0.022,158%,,1484812,45.876,,9665,0.299,0.008,129.1,,,,,,,,,
25/09/2020,32365998,10687,111,77.143,133,0,0.571,330.192,3.43,2.383,4.109,0,0.018,158%,8833,1493645,46.149,0.273,9502,0.294,0.008,123.2,,,,,,,,,
26/09/2020,32365998,10769,82,86,133,0,0.429,332.726,2.534,2.657,4.109,0,0.013,160%,8465,1502110,46.41,0.262,9251,0.286,0.009,107.6,,,,,,,,,
27/09/2020,32365998,10919,150,100,134,1,0.571,337.36,4.634,3.09,4.14,0.031,0.018,163%,8280,1510390,46.666,0.256,9386,0.29,0.011,93.9,,,,,,,,,
28/09/2020,32365998,11034,115,108.286,134,0,0.571,340.913,3.553,3.346,4.14,0,0.018,164%,8830,1519220,46.939,0.273,9646,0.298,0.011,89.1,,,,,,,,,
29/09/2020,32365998,11135,101,111,134,0,0.571,344.034,3.121,3.43,4.14,0,0.018,166%,13841,1533061,47.366,0.428,9929,0.307,0.011,89.5,,,,,,,,,
30/09/2020,32365998,11224,89,102.714,136,2,0.429,346.784,2.75,3.174,4.202,0.062,0.013,171%,16689,1549750,47.882,0.516,10795,0.334,0.01,105.1,,,,,,,,,
01/10/2020,32365998,11484,260,129.714,136,0,0.429,354.817,8.033,4.008,4.202,0,0.013,178%,17098,1566848,48.41,0.528,11719,0.362,0.011,90.3,,,,,,,,,
02/10/2020,32365998,11771,287,154.857,136,0,0.429,363.684,8.867,4.785,4.202,0,0.013,181%,14360,1581208,48.854,0.444,12509,0.386,0.012,80.8,,,,,,,,,
03/10/2020,32365998,12088,317,188.429,137,1,0.571,373.478,9.794,5.822,4.233,0.031,0.018,182%,16794,1598002,49.373,0.519,13699,0.423,0.014,72.7,,,,,,,,,
04/10/2020,32365998,12381,293,208.857,137,0,0.429,382.531,9.053,6.453,4.233,0,0.013,182%,17039,1615041,49.899,0.526,14950,0.462,0.014,71.6,,,,,,,,,
05/10/2020,32365998,12813,432,254.143,137,0,0.429,395.878,13.347,7.852,4.233,0,0.013,181%,12571,1627612,50.288,0.388,15485,0.478,0.016,60.9,,,,,,,,,
06/10/2020,32365998,13504,691,338.429,141,4,1,417.228,21.35,10.456,4.356,0.124,0.031,179%,16039,1643651,50.783,0.496,15799,0.488,0.021,46.7,,,,,,,,,
07/10/2020,32365998,13993,489,395.571,141,0,0.714,432.336,15.108,12.222,4.356,0,0.022,173%,20145,1663796,51.406,0.622,16292,0.503,0.024,41.2,,,,,,,,,
08/10/2020,32365998,14368,375,412,146,5,1.429,443.923,11.586,12.729,4.511,0.154,0.044,166%,18013,1681809,51.962,0.557,16423,0.507,0.025,39.9,,,,,,,,,
09/10/2020,32365998,14722,354,421.571,152,6,2.286,454.86,10.937,13.025,4.696,0.185,0.071,161%,22133,1703942,52.646,0.684,17533,0.542,0.024,41.6,,,,,,,,,
10/10/2020,32365998,15096,374,429.714,155,3,2.571,466.415,11.555,13.277,4.789,0.093,0.079,158%,18895,1722837,53.23,0.584,17834,0.551,0.024,41.5,,,,,,,,,
11/10/2020,32365998,15657,561,468,157,2,2.857,483.748,17.333,14.46,4.851,0.062,0.088,156%,16031,1738868,53.725,0.495,17690,0.547,0.026,37.8,,,,,,,,,
12/10/2020,32365998,16220,563,486.714,159,2,3.143,501.143,17.395,15.038,4.913,0.062,0.097,154%,15123,1753991,54.192,0.467,18054,0.558,0.027,37.1,,,,,,,,,
13/10/2020,32365998,16880,660,482.286,163,4,3.143,521.535,20.392,14.901,5.036,0.124,0.097,152%,14219,1768210,54.632,0.439,17794,0.55,0.027,36.9,,,,,,,,,
14/10/2020,32365998,17540,660,506.714,167,4,3.714,541.927,20.392,15.656,5.16,0.124,0.115,150%,18619,1786829,55.207,0.575,17576,0.543,0.029,34.7,,,,,,,,,
15/10/2020,32365998,18129,589,537.286,170,3,3.429,560.125,18.198,16.6,5.252,0.093,0.106,147%,23948,1810777,55.947,0.74,18424,0.569,0.029,34.3,,,,,,,,,
16/10/2020,32365998,18758,629,576.571,176,6,3.429,579.559,19.434,17.814,5.438,0.185,0.106,145%,28923,1839700,56.841,0.894,19394,0.599,0.03,33.6,,,,,,,,,
17/10/2020,32365998,19627,869,647.286,180,4,3.571,606.408,26.849,19.999,5.561,0.124,0.11,144%,23337,1863037,57.562,0.721,20029,0.619,0.032,30.9,,,,,,,,,
18/10/2020,32365998,20498,871,691.571,187,7,4.286,633.319,26.911,21.367,5.778,0.216,0.132,141%,22810,1885847,58.266,0.705,20997,0.649,0.033,30.4,,,,,,,,,
19/10/2020,32365998,21363,865,734.714,190,3,4.429,660.045,26.726,22.7,5.87,0.093,0.137,138%,17668,1903515,58.812,0.546,21361,0.66,0.034,29.1,,,,,,,,,
20/10/2020,32365998,22225,862,763.571,193,3,4.286,686.677,26.633,23.592,5.963,0.093,0.132,135%,17920,1921435,59.366,0.554,21889,0.676,0.035,28.7,,,,,,,,,
21/10/2020,32365998,22957,732,773.857,199,6,4.571,709.294,22.616,23.91,6.148,0.185,0.141,133%,18826,1940261,59.948,0.582,21919,0.677,0.035,28.3,,,,,,,,,
22/10/2020,32365998,23804,847,810.714,204,5,4.857,735.463,26.169,25.048,6.303,0.154,0.15,131%,15749,1956010,60.434,0.487,20748,0.641,0.039,25.6,,,,,,,,,
23/10/2020,32365998,24514,710,822.286,214,10,5.429,757.4,21.937,25.406,6.612,0.309,0.168,128%,17770,1973780,60.983,0.549,19154,0.592,0.043,23.3,,,,,,,,,
24/10/2020,32365998,25742,1228,873.571,221,7,5.857,795.341,37.941,26.99,6.828,0.216,0.181,127%,15451,1989231,61.461,0.477,18028,0.557,0.048,20.6,,,,,,,,,
25/10/2020,32365998,26565,823,866.714,229,8,6,820.769,25.428,26.779,7.075,0.247,0.185,124%,17485,2006716,62.001,0.54,17267,0.533,0.05,19.9,,,,,,,,,
26/10/2020,32365998,27805,1240,920.286,236,7,6.571,859.081,38.312,28.434,7.292,0.216,0.203,122%,19011,2025727,62.588,0.587,17459,0.539,0.053,19,,,,,,,,,
27/10/2020,32365998,28640,835,916.429,238,2,6.429,884.879,25.799,28.315,7.353,0.062,0.199,119%,18671,2044398,63.165,0.577,17566,0.543,0.052,19.2,,,,,,,,,
28/10/2020,32365998,29441,801,926.286,246,8,6.714,909.627,24.748,28.619,7.601,0.247,0.207,116%,19618,2064016,63.771,0.606,17679,0.546,0.052,19.1,,,,,,,,,
29/10/2020,32365998,30090,649,898,246,0,6,929.679,20.052,27.745,7.601,0,0.185,114%,19684,2083700,64.379,0.608,18241,0.564,0.049,20.3,,,,,,,,,
30/10/2020,32365998,30889,799,910.714,249,3,5,954.366,24.686,28.138,7.693,0.093,0.154,113%,18190,2101890,64.941,0.562,18301,0.565,0.05,20.1,,,,,,,,,
31/10/2020,32365998,31548,659,829.429,249,0,4,974.727,20.361,25.627,7.693,0,0.124,113%,17076,2118966,65.469,0.528,18534,0.573,0.045,22.3,,,,,,,,,
01/11/2020,32365998,32505,957,848.571,249,0,2.857,1004.295,29.568,26.218,7.693,0,0.088,114%,18691,2137657,66.046,0.577,18706,0.578,0.045,22,,,,,,,,,
02/11/2020,32365998,33339,834,790.571,251,2,2.143,1030.062,25.768,24.426,7.755,0.062,0.066,114%,19301,2156958,66.643,0.596,18747,0.579,0.042,23.7,,,,,,,,,
03/11/2020,32365998,34393,1054,821.857,263,12,3.571,1062.628,32.565,25.393,8.126,0.371,0.11,115%,19767,2176725,67.253,0.611,18904,0.584,0.043,23,,,,,,,,,
04/11/2020,32365998,35425,1032,854.857,271,8,3.571,1094.513,31.885,26.412,8.373,0.247,0.11,116%,21447,2198172,67.916,0.663,19165,0.592,0.045,22.4,,,,,,,,,
05/11/2020,32365998,36434,1009,906.286,277,6,4.429,1125.688,31.175,28.001,8.558,0.185,0.137,116%,17529,2215701,68.458,0.542,18857,0.583,0.048,20.8,,,,,,,,,
06/11/2020,32365998,38189,1755,1042.857,279,2,4.286,1179.911,54.224,32.221,8.62,0.062,0.132,116%,22858,2238559,69.164,0.706,19524,0.603,0.053,18.7,,,,,,,,,
07/11/2020,32365998,39357,1168,1115.571,282,3,4.714,1215.998,36.087,34.467,8.713,0.093,0.146,114%,19569,2258128,69.769,0.605,19880,0.614,0.056,17.8,,,,,,,,,
08/11/2020,32365998,40209,852,1100.571,286,4,5.286,1242.322,26.324,34.004,8.836,0.124,0.163,111%,17106,2275234,70.297,0.529,19654,0.607,0.056,17.9,,,,,,,,,
09/11/2020,32365998,41181,972,1120.286,294,8,6.143,1272.354,30.032,34.613,9.084,0.247,0.19,109%,16110,2291344,70.795,0.498,19198,0.593,0.058,17.1,,,,,,,,,
10/11/2020,32365998,42050,869,1093.857,300,6,5.286,1299.203,26.849,33.796,9.269,0.185,0.163,108%,18492,2309836,71.366,0.571,19016,0.588,0.058,17.4,,,,,,,,,
11/11/2020,32365998,42872,822,1063.857,302,2,4.429,1324.6,25.397,32.87,9.331,0.062,0.137,108%,19197,2329033,71.959,0.593,18694,0.578,0.057,17.6,,,,,,,,,
12/11/2020,32365998,43791,919,1051,303,1,3.714,1352.994,28.394,32.472,9.362,0.031,0.115,109%,20178,2349211,72.583,0.623,19073,0.589,0.055,18.1,,,,,,,,,
13/11/2020,32365998,45095,1304,986.571,304,1,3.571,1393.283,40.289,30.482,9.393,0.031,0.11,109%,17774,2366985,73.132,0.549,18347,0.567,0.054,18.6,,,,,,,,,
14/11/2020,32365998,46209,1114,978.857,306,2,3.429,1427.702,34.419,30.243,9.454,0.062,0.106,109%,18519,2385504,73.704,0.572,18197,0.562,0.054,18.6,,,,,,,,,
15/11/2020,32365998,47417,1208,1029.714,309,3,3.286,1465.025,37.323,31.815,9.547,0.093,0.102,109%,15539,2401043,74.184,0.48,17973,0.555,0.057,17.5,,,,,,,,,
16/11/2020,32365998,48520,1103,1048.429,313,4,2.714,1499.104,34.079,32.393,9.671,0.124,0.084,108%,15667,2416710,74.668,0.484,17909,0.553,0.059,17.1,,,,,,,,,
17/11/2020,32365998,49730,1210,1097.143,318,5,2.571,1536.489,37.385,33.898,9.825,0.154,0.079,108%,16369,2433079,75.174,0.506,17606,0.544,0.062,16,,,,,,,,,
18/11/2020,32365998,50390,660,1074,322,4,2.857,1556.881,20.392,33.183,9.949,0.124,0.088,108%,18466,2451545,75.744,0.571,17502,0.541,0.061,16.3,,,,,,,,,
19/11/2020,32365998,51680,1290,1127,326,4,3.286,1596.737,39.857,34.82,10.072,0.124,0.102,109%,21142,2472687,76.398,0.653,17639,0.545,0.064,15.7,,,,,,,,,
20/11/2020,32365998,52638,958,1077.571,329,3,3.571,1626.336,29.599,33.293,10.165,0.093,0.11,109%,20120,2492807,77.019,0.622,17975,0.555,0.06,16.7,,,,,,,,,
21/11/2020,32365998,53679,1041,1067.143,332,3,3.714,1658.5,32.163,32.971,10.258,0.093,0.115,110%,17525,2510332,77.561,0.541,17833,0.551,0.06,16.7,,,,,,,,,
22/11/2020,32365998,54775,1096,1051.143,335,3,3.714,1692.362,33.863,32.477,10.35,0.093,0.115,111%,17826,2528158,78.112,0.551,18159,0.561,0.058,17.3,,,,,,,,,
23/11/2020,32365998,56659,1884,1162.714,337,2,3.429,1750.572,58.209,35.924,10.412,0.062,0.106,113%,15497,2543655,78.59,0.479,18135,0.56,0.064,15.6,,,,,,,,,
24/11/2020,32365998,58847,2188,1302.429,341,4,3.286,1818.174,67.602,40.241,10.536,0.124,0.102,112%,15762,2559417,79.077,0.487,18048,0.558,0.072,13.9,,,,,,,,,
25/11/2020,32365998,59817,970,1346.714,345,4,3.286,1848.143,29.97,41.609,10.659,0.124,0.102,109%,17970,2577387,79.633,0.555,17977,0.555,0.075,13.3,,,,,,,,,
26/11/2020,32365998,60752,935,1296,348,3,3.143,1877.032,28.888,40.042,10.752,0.093,0.097,107%,18617,2596004,80.208,0.575,17617,0.544,0.074,13.6,,,,,,,,,
27/11/2020,32365998,61861,1109,1317.571,350,2,3,1911.296,34.264,40.709,10.814,0.062,0.093,106%,19083,2615087,80.797,0.59,17469,0.54,0.075,13.3,,,,,,,,,
28/11/2020,32365998,63176,1315,1356.714,354,4,3.143,1951.925,40.629,41.918,10.937,0.124,0.097,106%,19911,2634998,81.413,0.615,17809,0.55,0.076,13.1,,,,,,,,,
29/11/2020,32365998,64485,1309,1387.143,357,3,3.143,1992.369,40.444,42.858,11.03,0.093,0.097,105%,15370,2650368,81.887,0.475,17459,0.539,0.079,12.6,,,,,,,,,
30/11/2020,32365998,65697,1212,1291.143,360,3,3.286,2029.815,37.447,39.892,11.123,0.093,0.102,105%,17388,2667756,82.425,0.537,17729,0.548,0.073,13.7,,,,,,,,,
01/12/2020,32365998,67169,1472,1188.857,363,3,3.143,2075.295,45.48,36.732,11.215,0.093,0.097,104%,18696,2686452,83.002,0.578,18148,0.561,0.066,15.3,,,,,,,,,
02/12/2020,32365998,68020,851,1171.857,365,2,2.857,2101.588,26.293,36.206,11.277,0.062,0.088,104%,20755,2707207,83.644,0.641,18546,0.573,0.063,15.8,,,,,,,,,
03/12/2020,32365998,69095,1075,1191.857,376,11,4,2134.802,33.214,36.824,11.617,0.34,0.124,104%,21729,2728936,84.315,0.671,18990,0.587,0.063,15.9,,,,,,,,,
04/12/2020,32365998,70236,1141,1196.429,376,0,3.714,2170.055,35.253,36.966,11.617,0,0.115,105%,19945,2748881,84.931,0.616,19113,0.591,0.063,16,,,,,,,,,
05/12/2020,32365998,71359,1123,1169,380,4,3.714,2204.752,34.697,36.118,11.741,0.124,0.115,106%,20839,2769720,85.575,0.644,19246,0.595,0.061,16.5,,,,,,,,,
06/12/2020,32365998,72694,1335,1172.714,382,2,3.571,2245.999,41.247,36.233,11.803,0.062,0.11,108%,17382,2787102,86.112,0.537,19533,0.604,0.06,16.7,,,,,,,,,
07/12/2020,32365998,74294,1600,1228.143,384,2,3.429,2295.434,49.435,37.945,11.864,0.062,0.106,109%,19665,2806767,86.72,0.608,19859,0.614,0.062,16.2,,,,,,,,,
08/12/2020,32365998,75306,1012,1162.429,388,4,3.571,2326.701,31.267,35.915,11.988,0.124,0.11,109%,20316,2827083,87.347,0.628,20090,0.621,0.058,17.3,,,,,,,,,
09/12/2020,32365998,76265,959,1177.857,393,5,4,2356.331,29.63,36.392,12.142,0.154,0.124,111%,24137,2851220,88.093,0.746,20573,0.636,0.057,17.5,,,,,,,,,
10/12/2020,32365998,78499,2234,1343.429,396,3,2.857,2425.354,69.023,41.507,12.235,0.093,0.088,113%,20041,2871261,88.712,0.619,20332,0.628,0.066,15.1,,,,,,,,,
11/12/2020,32365998,80309,1810,1439,402,6,3.714,2481.277,55.923,44.46,12.42,0.185,0.115,113%,25677,2896938,89.506,0.793,21151,0.653,0.068,14.7,,,,,,,,,
12/12/2020,32365998,82246,1937,1555.286,411,9,4.429,2541.124,59.847,48.053,12.699,0.278,0.137,112%,22039,2918977,90.187,0.681,21322,0.659,0.073,13.7,,,,,,,,,
13/12/2020,32365998,83475,1229,1540.143,415,4,4.714,2579.096,37.972,47.585,12.822,0.124,0.146,110%,21805,2940782,90.86,0.674,21954,0.678,0.07,14.3,,,,,,,,,
14/12/2020,32365998,84846,1371,1507.429,419,4,5,2621.455,42.359,46.574,12.946,0.124,0.154,109%,19871,2960653,91.474,0.614,21984,0.679,0.069,14.6,,,,,,,,,
15/12/2020,32365998,86618,1772,1616,422,3,4.857,2676.204,54.749,49.929,13.038,0.093,0.15,108%,24462,2985115,92.23,0.756,22576,0.698,0.072,14,,,,,,,,,
16/12/2020,32365998,87913,1295,1664,429,7,5.143,2716.215,40.011,51.412,13.255,0.216,0.159,108%,24306,3009421,92.981,0.751,22600,0.698,0.074,13.6,,,,,,,,,
17/12/2020,32365998,89133,1220,1519.143,432,3,5.143,2753.909,37.694,46.936,13.347,0.093,0.159,107%,25043,3034464,93.755,0.774,23315,0.72,0.065,15.3,,,,,,,,,
18/12/2020,32365998,90816,1683,1501,432,0,4.286,2805.908,51.999,46.376,13.347,0,0.132,107%,23435,3057899,94.479,0.724,22994,0.71,0.065,15.3,,,,,,,,,
19/12/2020,32365998,91969,1153,1389,433,1,3.143,2841.531,35.624,42.915,13.378,0.031,0.097,107%,24830,3082729,95.246,0.767,23393,0.723,0.059,16.8,,,,,,,,,
20/12/2020,32365998,93309,1340,1404.857,437,4,3.143,2882.933,41.401,43.405,13.502,0.124,0.097,109%,19149,3101878,95.838,0.592,23014,0.711,0.061,16.4,,,,,,,,,
21/12/2020,32365998,95327,2018,1497.286,438,1,2.714,2945.282,62.349,46.261,13.533,0.031,0.084,110%,20399,3122277,96.468,0.63,23089,0.713,0.065,15.4,,,,,,,,,
22/12/2020,32365998,97389,2062,1538.714,439,1,2.429,3008.991,63.709,47.541,13.564,0.031,0.075,110%,22381,3144658,97.159,0.691,22792,0.704,0.068,14.8,,,,,,,,,
23/12/2020,32365998,98737,1348,1546.286,444,5,2.143,3050.64,41.649,47.775,13.718,0.154,0.066,110%,25482,3170140,97.947,0.787,22960,0.709,0.067,14.8,,,,,,,,,
24/12/2020,32365998,100318,1581,1597.857,446,2,2,3099.487,48.848,49.368,13.78,0.062,0.062,109%,25879,3196019,98.746,0.8,23079,0.713,0.069,14.4,,,,,,,,,
25/12/2020,32365998,101565,1247,1535.571,449,3,2.429,3138.015,38.528,47.444,13.873,0.093,0.075,110%,27197,3223216,99.586,0.84,23617,0.73,0.065,15.4,,,,,,,,,
26/12/2020,32365998,103900,2335,1704.429,451,2,2.571,3210.159,72.144,52.661,13.934,0.062,0.079,111%,16490,3239706,100.096,0.509,22425,0.693,0.076,13.2,,,,,,,,,
27/12/2020,32365998,105096,1196,1683.857,452,1,2.143,3247.111,36.952,52.025,13.965,0.031,0.066,111%,17797,3257503,100.646,0.55,22232,0.687,0.076,13.2,,,,,,,,,
28/12/2020,32365998,106690,1594,1623.286,455,3,2.429,3296.361,49.249,50.154,14.058,0.093,0.075,113%,14377,3271880,101.09,0.444,21372,0.66,0.076,13.2,,,,,,,,,
29/12/2020,32365998,108615,1925,1603.714,457,2,2.571,3355.837,59.476,49.549,14.12,0.062,0.079,114%,19954,3291834,101.707,0.617,21025,0.65,0.076,13.1,,,,,,,,,
30/12/2020,32365998,110485,1870,1678.286,463,6,2.714,3413.613,57.777,51.853,14.305,0.185,0.084,115%,25812,3317646,102.504,0.798,21072,0.651,0.08,12.6,,,,,,,,,
31/12/2020,32365998,113010,2525,1813.143,471,8,3.571,3491.627,78.014,56.02,14.552,0.247,0.11,116%,26681,3344327,103.328,0.824,21187,0.655,0.086,11.7,,,,,,,,,
01/01/2021,32365998,115078,2068,1930.429,474,3,3.571,3555.521,63.894,59.644,14.645,0.093,0.11,116%,27182,3371509,104.168,0.84,21185,0.655,0.091,11,,,,,,,,,
02/01/2021,32365998,117373,2295,1924.714,483,9,4.571,3626.429,70.908,59.467,14.923,0.278,0.141,116%,19295,3390804,104.764,0.596,21585,0.667,0.089,11.2,,,,,,,,,
03/01/2021,32365998,119077,1704,1997.286,494,11,6,3679.077,52.648,61.709,15.263,0.34,0.185,116%,23576,3414380,105.493,0.728,22411,0.692,0.089,11.2,,,,,,,,,
04/01/2021,32365998,120818,1741,2018.286,501,7,6.571,3732.868,53.791,62.358,15.479,0.216,0.203,117%,21314,3435694,106.151,0.659,23402,0.723,0.086,11.6,,,,,,,,,
05/01/2021,32365998,122845,2027,2032.857,509,8,7.429,3795.496,62.627,62.808,15.726,0.247,0.23,118%,26934,3462628,106.984,0.832,24399,0.754,0.083,12,,,,,,,,,
06/01/2021,32365998,125438,2593,2136.143,513,4,7.143,3875.61,80.115,66,15.85,0.124,0.221,119%,30274,3492902,107.919,0.935,25037,0.774,0.085,11.7,,,,,,,,,
07/01/2021,32365998,128465,3027,2207.857,521,8,7.143,3969.135,93.524,68.215,16.097,0.247,0.221,120%,32094,3524996,108.91,0.992,25810,0.797,0.086,11.7,,,,,,,,,
08/01/2021,32365998,131108,2643,2290,537,16,9,4050.794,81.66,70.753,16.591,0.494,0.278,120%,35096,3560092,109.995,1.084,26940,0.832,0.085,11.8,,,,,,,,,
09/01/2021,32365998,133559,2451,2312.286,542,5,8.429,4126.522,75.728,71.442,16.746,0.154,0.26,120%,32260,3592352,110.992,0.997,28793,0.89,0.08,12.5,,,,,,,,,
10/01/2021,32365998,135992,2433,2416.429,551,9,8.143,4201.693,75.171,74.659,17.024,0.278,0.252,120%,34433,3626785,112.055,1.064,30344,0.938,0.08,12.6,,,,,,,,,
11/01/2021,32365998,138224,2232,2486.571,555,4,7.714,4270.655,68.961,76.827,17.148,0.124,0.238,121%,30696,3657481,113.004,0.948,31684,0.979,0.078,12.7,,,,,,,,,
12/01/2021,32365998,141533,3309,2669.714,559,4,7.143,4372.892,102.237,82.485,17.271,0.124,0.221,121%,32909,3690390,114.021,1.017,32537,1.005,0.082,12.2,,,,,,,,,
13/01/2021,32365998,144518,2985,2725.714,563,4,7.143,4465.118,92.226,84.215,17.395,0.124,0.221,121%,44713,3735103,115.402,1.381,34600,1.069,0.079,12.7,,,,,,,,,
14/01/2021,32365998,147855,3337,2770,578,15,8.143,4568.22,103.102,85.584,17.858,0.463,0.252,121%,62849,3797952,117.344,1.942,38994,1.205,0.071,14.1,,,,,,,,,
15/01/2021,32365998,151066,3211,2851.143,586,8,7,4667.429,99.209,88.091,18.105,0.247,0.216,121%,67411,3865363,119.427,2.083,43610,1.347,0.065,15.3,,,,,,,,,
16/01/2021,32365998,155095,4029,3076.571,594,8,7.429,4791.912,124.482,95.056,18.353,0.247,0.23,121%,63411,3928774,121.386,1.959,48060,1.485,0.064,15.6,,,,,,,,,
17/01/2021,32365998,158434,3339,3206,601,7,7.143,4895.075,103.164,99.055,18.569,0.216,0.221,120%,62179,3990953,123.307,1.921,52024,1.607,0.062,16.2,,,,,,,,,
18/01/2021,32365998,161740,3306,3359.429,605,4,7.143,4997.22,102.144,103.795,18.692,0.124,0.221,119%,59731,4050684,125.152,1.845,56172,1.736,0.06,16.7,,,,,,,,,
19/01/2021,32365998,165371,3631,3405.429,619,14,8.571,5109.405,112.186,105.216,19.125,0.433,0.265,118%,56788,4107472,126.907,1.755,59583,1.841,0.057,17.5,,,,,,,,,
20/01/2021,32365998,169379,4008,3551.571,630,11,9.571,5233.239,123.834,109.732,19.465,0.34,0.296,117%,57645,4165117,128.688,1.781,61431,1.898,0.058,17.3,,,,,,,,,
21/01/2021,32365998,172549,3170,3527.714,642,12,9.143,5331.181,97.942,108.994,19.836,0.371,0.282,116%,71805,4236922,130.907,2.219,62710,1.938,0.056,17.8,,,,,,,,,
22/01/2021,32365998,176180,3631,3587.714,660,18,10.571,5443.367,112.186,110.848,20.392,0.556,0.327,115%,70807,4307729,133.094,2.188,63195,1.953,0.057,17.6,,,,,,,,,
23/01/2021,32365998,180455,4275,3622.857,667,7,10.429,5575.45,132.083,111.934,20.608,0.216,0.322,114%,61533,4369262,134.995,1.901,62927,1.944,0.058,17.4,,,,,,,,,
24/01/2021,32365998,183801,3346,3623.857,678,11,11,5678.83,103.38,111.965,20.948,0.34,0.34,114%,62054,4431316,136.913,1.917,62909,1.944,0.058,17.4,,,,,,,,,
25/01/2021,32365998,186849,3048,3587,689,11,12,5773.003,94.173,110.826,21.288,0.34,0.371,113%,49349,4480665,138.437,1.525,61426,1.898,0.058,17.1,,,,,,,,,
26/01/2021,32365998,190434,3585,3580.429,700,11,11.571,5883.767,110.764,110.623,21.628,0.34,0.358,113%,53783,4534448,140.099,1.662,60997,1.885,0.059,17,,,,,,,,,
27/01/2021,32365998,194114,3680,3533.571,707,7,11,5997.467,113.7,109.175,21.844,0.216,0.34,113%,72777,4607225,142.348,2.249,63158,1.951,0.056,17.9,,,,,,,,,
28/01/2021,32365998,198208,4094,3665.571,717,10,10.714,6123.958,126.491,113.254,22.153,0.309,0.331,113%,58913,4666138,144.168,1.82,61317,1.894,0.06,16.7,,,,,,,,,
29/01/2021,32365998,203933,5725,3964.714,733,16,10.429,6300.841,176.883,122.496,22.647,0.494,0.322,114%,57197,4723335,145.935,1.767,59372,1.834,0.067,15,,,,,,,,,
30/01/2021,32365998,209661,5728,4172.286,746,13,11.286,6477.817,176.976,128.91,23.049,0.402,0.349,112%,54197,4777532,147.61,1.675,58324,1.802,0.072,14,,,,,,,,,
31/01/2021,32365998,214959,5298,4451.143,760,14,11.714,6641.507,163.69,137.525,23.481,0.433,0.362,110%,52896,4830428,149.244,1.634,57016,1.762,0.078,12.8,,,,,,,,,
01/02/2021,32365998,219173,4214,4617.714,770,10,11.571,6771.705,130.198,142.672,23.79,0.309,0.358,107%,40161,4870589,150.485,1.241,55703,1.721,0.083,12.1,,,,,,,,,
02/02/2021,32365998,222628,3455,4599.143,791,21,13,6878.453,106.748,142.098,24.439,0.649,0.402,104%,39697,4910286,151.711,1.227,53691,1.659,0.086,11.7,,,,,,,,,
03/02/2021,32365998,226912,4284,4685.429,809,18,14.571,7010.814,132.361,144.764,24.995,0.556,0.45,102%,67264,4977550,153.789,2.078,52904,1.635,0.089,11.3,,,,,,,,,
04/02/2021,32365998,231483,4571,4753.571,826,17,15.571,7152.043,141.228,146.869,25.521,0.525,0.481,99%,60752,5038302,155.667,1.877,53166,1.643,0.089,11.2,,,,,,,,,
05/02/2021,32365998,234874,3391,4420.143,845,19,16,7256.813,104.77,136.567,26.108,0.587,0.494,97%,62481,5100783,157.597,1.93,53921,1.666,0.082,12.2,,,,,,,,,
06/02/2021,32365998,238721,3847,4151.429,857,12,15.857,7375.672,118.859,128.265,26.478,0.371,0.49,95%,59199,5159982,159.426,1.829,54636,1.688,0.076,13.2,,,,,,,,,
07/02/2021,32365998,242452,3731,3927.571,872,15,16,7490.948,115.275,121.349,26.942,0.463,0.494,94%,55880,5215862,161.153,1.727,55062,1.701,0.071,14,,,,,,,,,
08/02/2021,32365998,245552,3100,3768.429,896,24,18,7586.727,95.78,116.432,27.683,0.742,0.556,92%,32536,5248398,162.158,1.005,53973,1.668,0.07,14.3,,,,,,,,,
09/02/2021,32365998,248316,2764,3669.714,909,13,16.857,7672.126,85.398,113.382,28.085,0.402,0.521,91%,49163,5297561,163.677,1.519,55325,1.709,0.066,15.1,,,,,,,,,
10/02/2021,32365998,251604,3288,3527.429,923,14,16.286,7773.714,101.588,108.986,28.518,0.433,0.503,90%,61483,5359044,165.576,1.9,54499,1.684,0.065,15.5,,,,,,,,,
11/02/2021,32365998,254988,3384,3357.857,936,13,15.714,7878.268,104.554,103.746,28.919,0.402,0.486,89%,61212,5420256,167.468,1.891,54565,1.686,0.062,16.2,,,,,,,,,
12/02/2021,32365998,258306,3318,3347.429,953,17,15.429,7980.783,102.515,103.424,29.444,0.525,0.477,89%,54435,5474691,169.149,1.682,53415,1.65,0.063,16,,,,,,,,,
13/02/2021,32365998,261805,3499,3297.714,958,5,14.429,8088.89,108.107,101.888,29.599,0.154,0.446,88%,29301,5503992,170.055,0.905,49144,1.518,0.067,14.9,,,,,,,,,
14/02/2021,32365998,264269,2464,3116.714,965,7,13.286,8165.019,76.129,96.296,29.815,0.216,0.41,87%,24275,5528267,170.805,0.75,44629,1.379,0.07,14.3,,,,,,,,,
15/02/2021,32365998,266445,2176,2984.714,975,10,11.286,8232.25,67.231,92.218,30.124,0.309,0.349,87%,23791,5552058,171.54,0.735,43380,1.34,0.069,14.5,,,,,,,,,
16/02/2021,32365998,269165,2720,2978.429,983,8,10.571,8316.289,84.039,92.023,30.371,0.247,0.327,87%,42741,5594799,172.86,1.321,42463,1.312,0.07,14.3,,,,,,,,,
17/02/2021,32365998,272163,2998,2937,1005,22,11.714,8408.917,92.628,90.743,31.051,0.68,0.362,87%,52593,5647392,174.485,1.625,41193,1.273,0.071,14,,,,,,,,,
18/02/2021,32365998,274875,2712,2841,1030,25,13.429,8492.709,83.792,87.777,31.824,0.772,0.415,87%,56694,5704086,176.237,1.752,40547,1.253,0.07,14.3,,,,,,,,,
19/02/2021,32365998,277811,2936,2786.429,1043,13,12.857,8583.421,90.712,86.091,32.225,0.402,0.397,87%,61620,5765706,178.141,1.904,41574,1.284,0.067,14.9,,,,,,,,,
20/02/2021,32365998,280272,2461,2638.143,1051,8,13.286,8659.458,76.037,81.51,32.472,0.247,0.41,87%,56003,5821709,179.871,1.73,45388,1.402,0.058,17.2,,,,,,,,,
21/02/2021,32365998,283569,3297,2757.143,1056,5,13,8761.324,101.866,85.186,32.627,0.154,0.402,88%,49498,5871207,181.4,1.529,48991,1.514,0.056,17.8,,,,,,,,,
22/02/2021,32365998,285761,2192,2759.429,1062,6,12.429,8829.05,67.725,85.257,32.812,0.185,0.384,87%,38572,5909779,182.592,1.192,51103,1.579,0.054,18.5,,,,,,,,,
23/02/2021,32365998,288229,2468,2723.429,1076,14,13.286,8905.302,76.253,84.145,33.245,0.433,0.41,87%,50440,5960219,184.151,1.558,52203,1.613,0.052,19.2,0,0,,,,0,0,,
24/02/2021,32365998,291774,3545,2801.571,1088,12,11.857,9014.831,109.529,86.559,33.616,0.371,0.366,87%,64995,6025214,186.159,2.008,53975,1.668,0.052,19.3,,,,,895,,,,28
25/02/2021,32365998,293698,1924,2689,1100,12,10,9074.276,59.445,83.081,33.986,0.371,0.309,85%,61096,6086310,188.046,1.888,54603,1.687,0.049,20.3,,,,,895,,,,28
26/02/2021,32365998,295951,2253,2591.429,1111,11,9.714,9143.886,69.61,80.066,34.326,0.34,0.3,84%,51898,6138208,189.65,1.603,53215,1.644,0.049,20.5,,,,,895,,,,28
27/02/2021,32365998,298315,2364,2577.571,1121,10,10,9216.926,73.04,79.638,34.635,0.309,0.309,83%,55480,6193688,191.364,1.714,53140,1.642,0.049,20.6,3580,3580,,,895,0.01,0.01,,28
28/02/2021,32365998,300752,2437,2454.714,1130,9,10.571,9292.221,75.295,75.842,34.913,0.278,0.327,83%,40831,6234519,192.626,1.262,51902,1.604,0.047,21.1,,,,,2883,,,,89
01/03/2021,32365998,302580,1828,2402.714,1135,5,10.429,9348.7,56.479,74.236,35.068,0.154,0.322,82%,40268,6274787,193.87,1.244,52144,1.611,0.046,21.7,25252,25252,,,4209,0.08,0.08,,130
02/03/2021,32365998,304135,1555,2272.286,1141,6,9.286,9396.744,48.044,70.206,35.253,0.185,0.287,82%,46347,6321134,195.302,1.432,51559,1.593,0.044,22.7,53287,53287,,28035,7612,0.16,0.16,,235
03/03/2021,32365998,305880,1745,2015.143,1148,7,8.571,9450.659,53.915,62.261,35.469,0.216,0.265,81%,45927,6367061,196.721,1.419,48835,1.509,0.041,24.2,80336,80336,,27049,11349,0.25,0.25,,351
04/03/2021,32365998,307943,2063,2035,1153,5,7.571,9514.398,63.74,62.875,35.624,0.154,0.234,81%,40564,6407625,197.974,1.253,45902,1.418,0.044,22.6,99616,99616,,19280,13975,0.31,0.31,,432
05/03/2021,32365998,310097,2154,2020.857,1159,6,6.857,9580.95,66.551,62.438,35.809,0.185,0.212,81%,47569,6455194,199.444,1.47,45284,1.399,0.045,22.4,112914,112914,,13298,15747,0.35,0.35,,487
06/03/2021,32365998,311777,1680,1923.143,1166,7,6.429,9632.856,51.906,59.419,36.025,0.216,0.199,81%,39397,6494591,200.661,1.217,42986,1.328,0.045,22.4,127608,127608,,14694,17718,0.39,0.39,,547
07/03/2021,32365998,313460,1683,1815.429,1169,3,5.571,9684.855,51.999,56.091,36.118,0.093,0.172,81%,38022,6532613,201.836,1.175,42585,1.316,0.043,23.5,139720,139720,,12112,17901,0.43,0.43,,553
08/03/2021,32365998,314989,1529,1772.714,1177,8,6,9732.096,47.241,54.771,36.365,0.247,0.185,81%,27227,6559840,202.677,0.841,40722,1.258,0.044,23,166363,166363,,26643,20159,0.51,0.51,,623
09/03/2021,32365998,316269,1280,1733.429,1186,9,6.429,9771.644,39.548,53.557,36.643,0.278,0.199,81%,37523,6597363,203.836,1.159,39461,1.219,0.044,22.8,195923,195923,,29560,20377,0.61,0.61,,630
10/03/2021,32365998,317717,1448,1691,1191,5,6.143,9816.382,44.738,52.246,36.798,0.154,0.19,81%,44810,6642173,205.221,1.384,39302,1.214,0.043,23.2,223923,223923,,28000,20512,0.69,0.69,,634
11/03/2021,32365998,319364,1647,1631.571,1200,9,6.714,9867.269,50.887,50.41,37.076,0.278,0.207,82%,54074,6696247,206.891,1.671,41232,1.274,0.04,25.3,249909,249909,,25986,21470,0.77,0.77,,663
12/03/2021,32365998,320939,1575,1548.857,1203,3,6.286,9915.931,48.662,47.854,37.169,0.093,0.194,82%,51266,6747513,208.475,1.584,41760,1.29,0.037,27,275851,275851,,25942,23277,0.85,0.85,,719
13/03/2021,32365998,322409,1470,1518.857,1206,3,5.714,9961.349,45.418,46.928,37.261,0.093,0.177,82%,50393,6797906,210.032,1.557,43331,1.339,0.035,28.5,292104,292104,,16253,23499,0.9,0.9,,726
14/03/2021,32365998,323763,1354,1471.857,1210,4,5.857,10003.183,41.834,45.475,37.385,0.124,0.181,83%,40370,6838276,211.28,1.247,43666,1.349,0.034,29.7,301699,301699,,9595,23140,0.93,0.93,,715
15/03/2021,32365998,324971,1208,1426,1213,3,5.143,10040.506,37.323,44.059,37.478,0.093,0.159,84%,32311,6870587,212.278,0.998,44392,1.372,0.032,31.1,321331,321331,,19632,22138,0.99,0.99,,684
16/03/2021,32365998,326034,1063,1395,1218,5,4.571,10073.349,32.843,43.101,37.632,0.154,0.141,84%,46960,6917547,213.729,1.451,45741,1.413,0.03,32.8,346508,346508,,25177,21512,1.07,1.07,,665
17/03/2021,32365998,327253,1219,1362.286,1220,2,4.143,10111.012,37.663,42.09,37.694,0.062,0.128,85%,53824,6971371,215.392,1.663,47028,1.453,0.029,34.5,367213,367213,,20705,20470,1.13,1.13,,632
18/03/2021,32365998,328466,1213,1300.286,1223,3,3.286,10148.49,37.478,40.174,37.787,0.093,0.102,87%,58599,7029970,217.202,1.811,47675,1.473,0.027,36.7,385126,384334,792,17913,19317,1.19,1.19,0,597
19/03/2021,32365998,330042,1576,1300.429,1225,2,3.143,10197.183,48.693,40.179,37.848,0.062,0.097,88%,55421,7085391,218.915,1.712,48268,1.491,0.027,37.1,399525,395006,4519,14399,17668,1.23,1.22,0.01,546
20/03/2021,32365998,331713,1671,1329.143,1229,4,3.286,10248.811,51.628,41.066,37.972,0.124,0.102,90%,51668,7137059,220.511,1.596,48450,1.497,0.027,36.5,413254,402650,10604,13729,17307,1.28,1.24,0.03,535
21/03/2021,32365998,333040,1327,1325.286,1233,4,3.286,10289.811,41,40.947,38.096,0.124,0.102,90%,47450,7184509,221.977,1.466,49462,1.528,0.027,37.3,428710,412342,16368,15456,18144,1.32,1.27,0.05,561
22/03/2021,32365998,334156,1116,1312.143,1238,5,3.571,10324.292,34.481,40.541,38.25,0.154,0.11,91%,34654,7219163,223.048,1.071,49797,1.539,0.026,38,452919,422058,30861,24209,18798,1.4,1.3,0.1,581
23/03/2021,32365998,335540,1384,1358,1244,6,3.714,10367.052,42.761,41.958,38.435,0.185,0.115,92%,45575,7264738,224.456,1.408,49599,1.532,0.027,36.5,481989,429868,52121,29070,19354,1.49,1.33,0.16,598
24/03/2021,32365998,336808,1268,1365,1246,2,3.714,10406.229,39.177,42.174,38.497,0.062,0.115,92%,51321,7316059,226.042,1.586,49241,1.521,0.028,36.1,510976,436687,74289,28987,20538,1.58,1.35,0.23,635
25/03/2021,32365998,338168,1360,1386,1248,2,3.571,10448.249,42.019,42.823,38.559,0.062,0.11,92%,56533,7372592,227.788,1.747,48946,1.512,0.028,35.3,536681,443124,93557,25705,21651,1.66,1.37,0.29,669
26/03/2021,32365998,339443,1275,1343,1249,1,3.429,10487.642,39.393,41.494,38.59,0.031,0.106,93%,55284,7427876,229.496,1.708,48926,1.512,0.027,36.4,551548,446617,104931,14867,21718,1.7,1.38,0.32,671
27/03/2021,32365998,340642,1199,1275.571,1251,2,3.143,10524.687,37.045,39.411,38.652,0.062,0.097,93%,50560,7478436,231.058,1.562,48768,1.507,0.026,38.2,566200,448187,118013,14652,21849,1.75,1.38,0.36,675
28/03/2021,32365998,341944,1302,1272,1255,4,3.143,10564.914,40.227,39.301,38.775,0.124,0.097,95%,42947,7521383,232.385,1.327,48125,1.487,0.026,37.8,580765,451655,129110,14565,21722,1.79,1.4,0.4,671
29/03/2021,32365998,342885,941,1247,1260,5,3.143,10593.988,29.074,38.528,38.93,0.154,0.097,96%,34339,7555722,233.446,1.061,48080,1.486,0.026,38.6,621417,461907,159510,40652,24071,1.92,1.43,0.49,744
30/03/2021,32365998,344018,1133,1211.143,1265,5,3,10628.994,35.006,37.42,39.084,0.154,0.093,97%,47399,7603121,234.911,1.464,48340,1.494,0.025,39.9,661661,473276,188385,40244,25667,2.04,1.46,0.58,793
31/03/2021,32365998,345500,1482,1241.714,1272,7,3.714,10674.783,45.789,38.365,39.301,0.216,0.115,99%,52792,7655913,236.542,1.631,48551,1.5,0.026,39.1,698203,482808,215395,36542,26747,2.16,1.49,0.67,826
01/04/2021,32365998,346678,1178,1215.714,1278,6,4.286,10711.179,36.396,37.561,39.486,0.185,0.132,99%,55437,7711350,238.255,1.713,48394,1.495,0.025,39.8,740226,498468,241758,42023,29078,2.29,1.54,0.75,898
02/04/2021,32365998,347972,1294,1218.429,1283,5,4.857,10751.159,39.98,37.645,39.64,0.154,0.15,101%,53187,7764537,239.898,1.643,48094,1.486,0.025,39.5,770653,506069,264584,30427,31301,2.38,1.56,0.82,967
03/04/2021,32365998,349610,1638,1281.143,1286,3,5,10801.768,50.609,39.583,39.733,0.093,0.154,103%,50237,7814774,241.45,1.552,48048,1.485,0.027,37.5,787504,508481,279023,16851,31615,2.43,1.57,0.86,977
04/04/2021,32365998,350959,1349,1287.857,1288,2,4.714,10843.447,41.68,39.79,39.795,0.062,0.146,104%,45236,7860010,242.848,1.398,48375,1.495,0.027,37.6,801773,514036,287737,14269,31573,2.48,1.59,0.89,975
05/04/2021,32365998,352029,1070,1306.286,1295,7,5,10876.507,33.059,40.36,40.011,0.216,0.154,105%,34512,7894522,243.914,1.066,48400,1.495,0.027,37.1,830036,523233,306803,28263,29803,2.56,1.62,0.95,921
06/04/2021,32365998,353329,1300,1330.143,1300,5,5,10916.672,40.166,41.097,40.166,0.154,0.154,106%,46839,7941361,245.361,1.447,48320,1.493,0.028,36.3,862445,534191,328254,32409,28683,2.66,1.65,1.01,886
07/04/2021,32365998,354468,1139,1281.143,1304,4,4.571,10951.864,35.191,39.583,40.289,0.124,0.141,107%,51214,7992575,246.944,1.582,48095,1.486,0.027,37.5,893032,546762,346270,30587,27833,2.76,1.69,1.07,860
08/04/2021,32365998,355753,1285,1296.429,1308,4,4.286,10991.566,39.702,40.055,40.413,0.124,0.132,109%,58012,8050587,248.736,1.792,48462,1.497,0.027,37.4,919721,558750,360971,26689,25642,2.84,1.73,1.12,792
09/04/2021,32365998,357607,1854,1376.429,1313,5,4.286,11048.848,57.282,42.527,40.567,0.154,0.132,112%,53834,8104421,250.399,1.663,48555,1.5,0.028,35.3,941200,565940,375260,21479,24364,2.91,1.75,1.16,753
10/04/2021,32365998,359117,1510,1358.143,1321,8,5,11095.502,46.654,41.962,40.814,0.247,0.154,114%,53512,8157933,252.053,1.653,49023,1.515,0.028,36.1,956723,571472,385251,15523,24174,2.96,1.77,1.19,747
11/04/2021,32365998,360856,1739,1413.857,1329,8,5.857,11149.231,53.729,43.683,41.062,0.247,0.181,116%,47063,8204996,253.507,1.454,49284,1.523,0.029,34.9,979794,583903,395891,23071,25432,3.03,1.8,1.22,786
12/04/2021,32365998,362173,1317,1449.143,1333,4,5.429,11189.922,40.691,44.774,41.185,0.124,0.168,117%,35266,8240262,254.596,1.09,49391,1.526,0.029,34.1,1018937,609153,409784,39143,26986,3.15,1.88,1.27,834
13/04/2021,32365998,363940,1767,1515.857,1345,12,6.429,11244.517,54.594,46.835,41.556,0.371,0.199,119%,51998,8292260,256.203,1.607,50128,1.549,0.03,33.1,1050138,632668,417470,31201,26813,3.24,1.95,1.29,828
14/04/2021,32365998,365829,1889,1623,1353,8,7,11302.88,58.364,50.145,41.803,0.247,0.216,121%,53141,8345401,257.845,1.642,50404,1.557,0.032,31.1,1078695,653531,425164,28557,26523,3.33,2.02,1.31,819
15/04/2021,32365998,367977,2148,1746.286,1363,10,7.857,11369.246,66.366,53.954,42.112,0.309,0.243,122%,62569,8407970,259.778,1.933,51055,1.577,0.034,29.2,1105890,671589,434301,27195,26596,3.42,2.07,1.34,822
16/04/2021,32365998,370528,2551,1845.857,1365,2,7.429,11448.063,78.817,57.031,42.174,0.062,0.23,123%,64715,8472685,261.777,1.999,52609,1.625,0.035,28.5,1125396,687176,438220,19506,26314,3.48,2.12,1.35,813
17/04/2021,32365998,372859,2331,1963.143,1370,5,7,11520.084,72.02,60.654,42.328,0.154,0.216,123%,67515,8540200,263.863,2.086,54610,1.687,0.036,27.8,1135015,695729,439286,9619,25470,3.51,2.15,1.36,787
18/04/2021,32365998,375054,2195,2028.286,1378,8,7,11587.902,67.818,62.667,42.576,0.247,0.216,123%,61526,8601726,265.764,1.901,56676,1.751,0.036,27.9,1144841,701812,443029,9826,23578,3.54,2.17,1.37,728
19/04/2021,32365998,377132,2078,2137,1386,8,7.571,11652.105,64.203,66.026,42.823,0.247,0.234,123%,63413,8665139,267.724,1.959,60697,1.875,0.035,28.4,1177648,726411,451237,32807,22673,3.64,2.24,1.39,701
20/04/2021,32365998,379473,2341,2219,1389,3,6.286,11724.434,72.329,68.56,42.915,0.093,0.194,123%,52967,8718106,269.36,1.637,60835,1.88,0.036,27.4,1210779,748444,462335,33131,22949,3.74,2.31,1.43,709
21/04/2021,32365998,381813,2340,2283.429,1400,11,6.714,11796.732,72.298,70.55,43.255,0.34,0.207,123%,64921,8783027,271.366,2.006,62518,1.932,0.037,27.4,1231760,757547,474213,20981,21866,3.81,2.34,1.47,676
22/04/2021,32365998,384688,2875,2387.286,1407,7,6.286,11885.56,88.828,73.759,43.472,0.216,0.194,123%,66579,8849606,273.423,2.057,63091,1.949,0.038,26.4,1260937,771829,489108,29177,22150,3.9,2.38,1.51,684
23/04/2021,32365998,387535,2847,2429.571,1415,8,7.143,11973.522,87.963,75.066,43.719,0.247,0.221,122%,74367,8923973,275.721,2.298,64470,1.992,0.038,26.5,1279737,783987,495750,18800,22049,3.95,2.42,1.53,681
24/04/2021,32365998,390252,2717,2484.714,1426,11,8,12057.468,83.946,76.769,44.059,0.34,0.247,122%,77559,9001532,278.117,2.396,65905,2.036,0.038,26.5,1290414,791910,498504,10677,22200,3.99,2.45,1.54,686
25/04/2021,32365998,392942,2690,2555.429,1436,10,8.286,12140.58,83.112,78.954,44.368,0.309,0.256,122%,64638,9066170,280.114,1.997,66349,2.05,0.039,26,1305161,800996,504165,14747,22903,4.03,2.47,1.56,708
26/04/2021,32365998,395718,2776,2655.143,1449,13,9,12226.349,85.769,82.035,44.769,0.402,0.278,122%,55149,9121319,281.818,1.704,65169,2.014,0.041,24.5,1335245,822201,513044,30084,22514,4.13,2.54,1.59,696
27/04/2021,32365998,398451,2733,2711.143,1462,13,10.429,12310.79,84.44,83.765,45.171,0.402,0.322,121%,61034,9182353,283.704,1.886,66321,2.049,0.041,24.5,1369749,844906,524843,34504,22710,4.23,2.61,1.62,702
28/04/2021,32365998,401593,3142,2825.714,1477,15,11,12407.867,97.077,87.305,45.634,0.463,0.34,121%,73158,9255511,285.964,2.26,67498,2.085,0.042,23.9,1409215,871219,537996,39466,25351,4.35,2.69,1.66,783
29/04/2021,32365998,404925,3332,2891,1492,15,12.143,12510.815,102.948,89.322,46.098,0.463,0.375,121%,78276,9333787,288.382,2.418,69169,2.137,0.042,23.9,1421664,877646,544018,12449,22961,4.39,2.71,1.68,709
30/04/2021,32365998,408713,3788,3025.429,1506,14,13,12627.851,117.036,93.476,46.53,0.433,0.402,120%,70449,9404236,290.559,2.177,68609,2.12,0.044,22.7,,,,,21195,,,,655
01/05/2021,32365998,411594,2881,3048.857,1521,15,13.571,12716.864,89.013,94.199,46.994,0.463,0.419,119%,77984,9482220,292.969,2.409,68670,2.122,0.044,22.5,1434537,883661,550876,,20589,4.43,2.73,1.7,636
02/05/2021,32365998,415012,3418,3152.857,1533,12,13.857,12822.469,105.605,97.413,47.365,0.371,0.428,119%,58585,9540805,294.779,1.81,67805,2.095,0.046,21.5,1469033,905683,563350,34496,23410,4.54,2.8,1.74,723
03/05/2021,32365998,417512,2500,3113.429,1551,18,14.571,12899.71,77.242,96.194,47.921,0.556,0.45,119%,,,,,68328,2.111,0.046,21.9,1500202,914663,585539,31169,23565,4.64,2.83,1.81,728
04/05/2021,32365998,420632,3120,3168.714,1574,23,16,12996.108,96.397,97.903,48.631,0.711,0.494,119%,,9658427,298.413,,68011,2.101,0.047,21.5,1569609,960070,609539,69407,28551,4.85,2.97,1.88,882
05/05/2021,32365998,424376,3744,3254.714,1591,17,16.286,13111.785,115.677,100.56,49.157,0.525,0.503,119%,80377,9738804,300.896,2.483,69042,2.133,0.047,21.2,1624272,991906,632366,54663,30722,5.02,3.06,1.95,949
06/05/2021,32365998,427927,3551,3286,1610,19,16.857,13221.499,109.714,101.526,49.744,0.587,0.521,120%,82834,9821638,303.455,2.559,69693,2.153,0.047,21.2,1679765,1028693,651072,55493,36872,5.19,3.18,2.01,1139
07/05/2021,32365998,432425,4498,3387.429,1632,22,18,13360.472,138.973,104.66,50.423,0.68,0.556,120%,82676,9904314,306.01,2.554,71440,2.207,0.047,21.1,1707460,1045377,662083,27695,39908,5.28,3.23,2.05,1233
08/05/2021,32365998,436944,4519,3621.429,1657,25,19.429,13500.094,139.622,111.89,51.196,0.772,0.6,120%,76099,9980413,308.361,2.351,71170,2.199,0.051,19.7,1734348,1063898,670450,26888,42830,5.36,3.29,2.07,1323
09/05/2021,32365998,440677,3733,3666.429,1683,26,21.429,13615.431,115.337,113.28,51.999,0.803,0.662,120%,75093,10055506,310.681,2.32,73529,2.272,0.05,20.1,1766651,1089637,677014,32303,42517,5.46,3.37,2.09,1314
10/05/2021,32365998,444484,3807,3853.143,1700,17,21.286,13733.054,117.623,119.049,52.524,0.525,0.658,120%,,,,,73281,2.264,0.053,19,,,,,45917,,,,1419
11/05/2021,32365998,448457,3973,3975,1722,22,21.143,13855.806,122.752,122.814,53.204,0.68,0.653,120%,,10169657,314.208,,73033,2.256,0.054,18.4,1876591,1156486,720105,,43855,5.8,3.57,2.22,1355
12/05/2021,32365998,453222,4765,4120.857,1761,39,24.286,14003.029,147.222,127.321,54.409,1.205,0.75,119%,87458,10257115,316.91,2.702,74044,2.288,0.056,18,1894630,1166737,727893,18039,38623,5.85,3.6,2.25,1193
13/05/2021,32365998,458077,4855,4307.143,1788,27,25.429,14153.032,150.003,133.076,55.243,0.834,0.786,119%,83974,10341089,319.505,2.595,74207,2.293,0.058,17.2,,,,,30706,,,,949
14/05/2021,32365998,462190,4113,4252.143,1822,34,27.143,14280.11,127.078,131.377,56.294,1.05,0.839,118%,56440,10397529,321.249,1.744,70459,2.177,0.06,16.6,1894779,1166869,727910,,26760,5.85,3.61,2.25,827
15/05/2021,32365998,466330,4140,4198,1866,44,29.857,14408.022,127.912,129.704,57.653,1.359,0.922,119%,47480,10445009,322.715,1.467,66371,2.051,0.063,15.8,1905529,1177030,728499,10750,24454,5.89,3.64,2.25,756
16/05/2021,32365998,470110,3780,4204.714,1902,36,31.286,14524.811,116.789,129.911,58.765,1.112,0.967,119%,58279,10503288,324.516,1.801,63969,1.976,0.066,15.2,1915824,1186999,728825,10295,21310,5.92,3.67,2.25,658
17/05/2021,32365998,474556,4446,4296,1947,45,35.286,14662.177,137.366,132.732,60.156,1.39,1.09,121%,69814,10573102,326.673,2.157,65789,2.033,0.065,15.3,1976085,1219234,756851,60261,22066,6.11,3.77,2.34,682
18/05/2021,32365998,479421,4865,4423.429,1994,47,38.857,14812.489,150.312,136.669,61.608,1.452,1.201,122%,90678,10663780,329.475,2.802,70589,2.181,0.063,16,2052636,1263585,789051,76551,25149,6.34,3.9,2.44,777
19/05/2021,32365998,485496,6075,4610.571,2040,46,39.857,15000.186,187.697,142.451,63.029,1.421,1.231,124%,101822,10765602,332.621,3.146,72641,2.244,0.063,15.8,2303580,1412751,890829,250944,58421,7.12,4.36,2.75,1805
20/05/2021,32365998,492302,6806,4889.286,2099,59,44.429,15210.469,210.282,151.062,64.852,1.823,1.373,124%,111381,10876983,336.062,3.441,76556,2.365,0.064,15.7,2384183,1471500,912683,80603,69926,7.37,4.55,2.82,2160
21/05/2021,32365998,498795,6493,5229.286,2149,50,46.714,15411.08,200.612,161.567,66.397,1.545,1.443,124%,109116,10986099,339.433,3.371,84081,2.598,0.062,16.1,2444780,1513419,931361,60597,78572,7.55,4.68,2.88,2428
22/05/2021,32365998,505115,6320,5540.714,2199,50,47.571,15606.347,195.267,171.189,67.942,1.545,1.47,124%,114027,11100126,342.956,3.523,93588,2.892,0.059,16.9,2489988,1555497,934491,45208,83494,7.69,4.81,2.89,2580
23/05/2021,32365998,512091,6976,5997.286,2248,49,49.429,15821.882,215.535,185.296,69.456,1.514,1.527,124%,106208,11206334,346.238,3.281,100435,3.103,0.06,16.7,2535975,1593151,942824,45987,88593,7.84,4.92,2.91,2737
24/05/2021,32365998,518600,6509,6292,2309,61,51.714,16022.988,201.106,194.402,71.34,1.885,1.598,123%,95450,11301784,349.187,2.949,104097,3.216,0.06,16.5,2630984,1662273,968711,95009,93557,8.13,5.14,2.99,2891
25/05/2021,32365998,525889,7289,6638.286,2369,60,53.571,16248.194,225.205,205.101,73.194,1.854,1.655,122%,97121,11398905,352.188,3.001,105018,3.245,0.063,15.8,2730536,1731231,999305,99552,96843,8.44,5.35,3.09,2992
26/05/2021,32365998,533367,7478,6838.714,2432,63,56,16479.238,231.045,211.293,75.141,1.946,1.73,120%,,,,,98647,3.048,0.069,14.4,,,,,70231,,,,2170
27/05/2021,32365998,541224,7857,6988.857,2491,59,56,16721.993,242.755,215.932,76.963,1.823,1.73,119%,,11513351,355.724,,90910,2.809,0.077,13,2859864,1809412,1050452,,67954,8.84,5.59,3.25,2100
28/05/2021,32365998,549514,8290,7245.571,2552,61,57.571,16978.126,256.133,223.864,78.848,1.885,1.779,117%,227504,11740855,362.753,7.029,107822,3.331,0.067,14.9,2933640,1855858,1077782,73776,69837,9.06,5.73,3.33,2158
29/05/2021,32365998,558534,9020,7631.286,2650,98,64.429,17256.814,278.688,235.781,81.876,3.028,1.991,115%,126480,11867335,366.661,3.908,109601,3.386,0.07,14.4,2999036,1906388,1092648,65396,72721,9.27,5.89,3.38,2247
30/05/2021,32365998,565533,6999,7634.571,2729,79,68.714,17473.059,216.245,235.882,84.317,2.441,2.123,113%,109562,11976897,370.046,3.385,110080,3.401,0.069,14.4,,,,,76192,,,,2354
31/05/2021,32365998,572357,6824,7679.571,2796,67,69.571,17683.898,210.839,237.273,86.387,2.07,2.15,111%,89227,12066124,372.802,2.757,109191,3.374,0.07,14.2,,,,,72659,,,,2245
01/06/2021,32365998,579462,7105,7653.286,2867,71,71.143,17903.418,219.52,236.461,88.581,2.194,2.198,109%,100885,12167009,375.919,3.117,109729,3.39,0.07,14.3,,,,,68477,,,,2116
02/06/2021,32365998,587165,7703,7685.429,2993,126,80.143,18141.415,237.997,237.454,92.474,3.893,2.476,107%,100288,12267297,379.018,3.099,115881,3.58,0.066,15.1,,,,,69279,,,,2140
03/06/2021,32365998,595374,8209,7735.714,3096,103,86.429,18395.045,253.63,239.007,95.656,3.182,2.67,105%,104109,12371406,382.235,3.217,122579,3.787,0.063,15.8,,,,,70081,,,,2165
04/06/2021,32365998,603122,7748,7658.286,3182,86,90,18634.432,239.387,236.615,98.313,2.657,2.781,103%,105293,12476699,385.488,3.253,105121,3.248,0.073,13.7,3420713,2293377,1127336,,69582,10.57,7.09,3.48,2150
05/06/2021,32365998,610574,7452,7434.286,3291,109,91.571,18864.674,230.242,229.694,101.681,3.368,2.829,101%,103862,12580561,388.697,3.209,101889,3.148,0.073,13.7,3493193,2364455,1128738,72480,70594,10.79,7.31,3.49,2181
06/06/2021,32365998,616815,6241,7326,3378,87,92.714,19057.5,192.826,226.349,104.369,2.688,2.865,99%,89998,12670559,391.477,2.781,99095,3.062,0.074,13.5,3574376,2444075,1130301,81183,72152,11.04,7.55,3.49,2229
07/06/2021,32365998,622086,5271,7104.143,3460,82,94.857,19220.356,162.856,219.494,106.902,2.534,2.931,97%,81708,12752267,394.002,2.525,98020,3.028,0.072,13.8,3638812,2503655,1135157,64436,71317,11.24,7.74,3.51,2203
08/06/2021,32365998,627652,5566,6884.286,3536,76,95.571,19392.326,171.971,212.701,109.25,2.348,2.953,95%,77030,12829297,396.382,2.38,94613,2.923,0.073,13.7,3790121,2609377,1180744,151309,82892,11.71,8.06,3.65,2561
09/06/2021,32365998,633891,6239,6675.143,3611,75,88.286,19585.091,192.764,206.239,111.568,2.317,2.728,94%,90887,12920184,399.19,2.808,93270,2.882,0.072,14,3944987,2724048,1220939,154866,94976,12.19,8.42,3.77,2934
10/06/2021,32365998,639562,5671,6312.571,3684,73,84,19760.305,175.215,195.037,113.823,2.255,2.595,93%,100059,13020243,402.282,3.091,92691,2.864,0.068,14.7,4102936,2835178,1267758,157949,107500,12.68,8.76,3.92,3321
11/06/2021,32365998,646411,6849,6184.143,3768,84,83.714,19971.916,211.611,191.069,116.418,2.595,2.586,93%,99974,13120217,405.37,3.089,91931,2.84,0.067,14.9,4227554,2929736,1297818,124618,115263,13.06,9.05,4.01,3561
12/06/2021,32365998,652204,5793,5947.143,3844,76,79,20150.9,178.984,183.747,118.767,2.348,2.441,92%,90238,13210455,408.158,2.788,89985,2.78,0.066,15.1,,,,,123674,,,,3821
13/06/2021,32365998,657508,5304,5813.286,3908,64,75.714,20314.776,163.876,179.611,120.744,1.977,2.339,92%,80130,13290585,410.634,2.476,88575,2.737,0.066,15.2,4490270,3132304,1357966,,130842,13.87,9.68,4.2,4043
14/06/2021,32365998,662457,4949,5767.286,3968,60,72.571,20467.683,152.907,178.19,122.598,1.854,2.242,92%,70044,13360629,412.798,2.164,86909,2.685,0.066,15.1,4688233,3275194,1413039,197963,149917,14.49,10.12,4.37,4632
15/06/2021,32365998,667876,5419,5746.286,4069,101,76.143,20635.112,167.429,177.541,125.718,3.121,2.353,92%,,,,,87471,2.703,0.066,15.2,4904109,3435420,1468689,215876,159141,15.15,10.61,4.54,4917
16/06/2021,32365998,673026,5150,5590.714,4142,73,75.857,20794.23,159.118,172.734,127.974,2.255,2.344,91%,,13522560,417.801,,86054,2.659,0.065,15.4,5108948,3632195,1476753,204839,166280,15.78,11.22,4.56,5137
17/06/2021,32365998,678764,5738,5600.286,4202,60,74,20971.515,177.285,173.03,129.828,1.854,2.286,91%,82369,13604929,420.346,2.545,83527,2.581,0.067,14.9,5330654,3810071,1520583,221706,175388,16.47,11.77,4.7,5419
18/06/2021,32365998,685204,6440,5541.857,4276,74,72.571,21170.489,198.974,171.225,132.114,2.286,2.242,,,,,,,,,,5510720,3957687,1553033,180066,183309,17.03,12.23,4.8,5664
19/06/2021,32365998,691115,5911,5558.714,4348,72,72,21353.119,182.63,171.745,134.339,2.225,2.225,,,,,,,,,,,,,,,,,,
20/06/2021,32365998,696408,5293,5557.143,4408,60,71.429,21516.655,163.536,171.697,136.192,1.854,2.207,,,,,,,,,,,,,,,,,,